bug_id,bug_description,buggy_code,patch_diff,tests_pass
keras-26-vall_llama-0,UNKNOWN,UNKNOWN,"```python
def rnn(step_function, inputs, initial_states,
        go_backwards=False, mask=None, constants=None,
        unroll=False, input_length=None):
    """"""Iterates over the time dimension of a tensor.

    # Arguments
        step_function: RNN step function.
            Parameters:
                inputs: tensor with shape `(samples,...)` (no time dimension),
                    representing input for the batch of samples at a certain
                    time step.
                states: list of tensors.
            Returns:
                outputs: tensor with shape `(samples, output_dim)`
                    (no time dimension).
                new_states: list of tensors, same length and shapes
                    as 'states'. The first state in the list must be the
                    output tensor at the previous timestep.
        inputs: tensor of temporal data of shape `(samples, time,...)`
            (at least 3D).
        initial_states: tensor with shape (samples, output_dim)
            (no time dimension),
            containing the initial values for the states used in
            the step function.
        go_backwards: boolean. If True, do the iteration over the time
            dimension in reverse order and return the reversed sequence.
        mask: binary tensor with shape `(samples, time, 1)`,
            with a zero for every element that is masked.
        constants: a list of constant values passed at each step.
        unroll: whether to unroll the RNN or to use a symbolic loop (`while_loop` or `scan` depending on backend).
        input_length: not relevant in the TensorFlow implementation.
            Must be specified if using unrolling with Theano.

    # Returns
        A tuple, `(last_output, outputs, new_states)`.

            last_output: the latest output of the rnn, of shape `(samples,...)`
            outputs: tensor with shape `(samples, time,...)` where each
                entry `outputs[s, t]` is the output of the step function
                at time `t` for sample `s`.
            new_states: list of tensors, latest states returned by
                the step function, of shape `(samples,...)`.

    # Raises
        ValueError: if input dimension is less than 3.
        ValueError: if `unroll` is `True` but input timestep is not a fixed number.
        ValueError: if `mask` is provided (not `None`) but states is not provided
            (`len(states)` == 0).
    """"""
    ndim = len(inputs.get_shape())
    if ndim < 3:
        raise ValueError('Input should be at least 3D.')

    # Transpose to time-major, i.e.
    # from (batch, time,...) to (time, batch,...)
    axes = [1, 0] + list(range(2, ndim))
    inputs = tf.transpose(inputs, (axes))

    if mask is not None:
        if mask.dtype!= tf.bool:
            mask = tf.cast(mask, tf.bool)
        if len(mask.get_shape()) == ndim - 1:
            mask = expand_dims(mask)
        mask = tf.transpose(mask, axes)

    if constants is None:
        constants = []

    global uses_learning_phase
    uses_learning_phase = False

    if unroll:
        if not inputs.get_shape()[0]:
            raise ValueError('Unrolling requires a '
                             'fixed number of timesteps.')
        states = initial_states
        successive_states = []
        successive_outputs = []

        input_list = tf.unstack(inputs)
        if go_backwards:
            input_list.reverse()

        if mask is not None:
            mask_list = tf.unstack(mask)
            if go_backwards:
                mask_list.reverse()

            for inp, mask_t in zip(input_list, mask_list):
                output, new_states = step_function(inp, states + constants)
                if getattr(output, '_uses_learning_phase', False):
                    uses_learning_phase = True

                # Fix: tile the mask correctly for each state
                tiled_mask_t = tf.tile(mask_t, tf.stack([1, tf.shape(output)[1]]))
                output = tf.where(tiled_mask_t, output, states[0])

                # Fix: tile the mask correctly for each new state
                new_states = [tf.where(tf.tile(mask_t, tf.stack([1, tf.shape(new_state)[1]])), new_state, state)
                              for state, new_state in zip(states, new_states)]

                states = new_states
                successive_outputs.append(output)
                successive_states.append(states)
            last_output = successive_outputs[-1]
            new_states = successive_states[-1]
            outputs = tf.stack(successive_outputs)
        else:
            for inp in input_list:
                output, states = step_function(inp, states + constants)
                if getattr(output, '_uses_learning_phase', False):
                    uses_learning_phase = True
                successive_outputs.append(output)
                successive_states.append(states)
            last_output = successive_outputs[-1]
            new_states = successive_states[-1]
            outputs = tf.stack(successive_outputs)

    else:
        if go_backwards:
            inputs = reverse(inputs, 0)

        states = tuple(initial_states)

        time_steps = tf.shape(inputs)[0]
        outputs, _ = step_function(inputs[0], initial_states + constants)
        output_ta = tensor_array_ops.TensorArray(
            dtype=outputs.dtype,
            size=time_steps,
            tensor_array_name='output_ta')
        input_ta = tensor_array_ops.TensorArray(
            dtype=inputs.dtype,
            size=time_steps,
            tensor_array_name='input_ta')
        input_ta = input_ta.unstack(inputs)
        time = tf.constant(0, dtype='int32', name='time')

        if mask is not None:
            if not states:
                raise ValueError('No initial states provided! '
                                 'When using masking in an RNN, you should '
                                 'provide initial states '
                                 '(and your step function should return '
                                 'as its first state at time `t` '
                                 'the output at time `t-1`).')
            if go_backwards:
                mask = reverse(mask, 0)

            mask_ta = tensor_array_ops.TensorArray(
                dtype=tf.bool,
                size=time_steps,
                tensor_array_name='mask_ta')
            mask_ta = mask_ta.unstack(mask)

            def _step(time, output_ta_t, *states):
                """"""RNN step function.

                # Arguments
                    time: Current timestep value.
                    output_ta_t: TensorArray.
                    *states: List of states.

                # Returns
                    Tuple: `(time + 1,output_ta_t) + tuple(new_states)`
                """"""
                current_input = input_ta.read(time)
                mask_t = mask_ta.read(time)
                output, new_states = step_function(current_input,
                                                   tuple(states) +
                                                   tuple(constants))
                if getattr(output, '_uses_learning_phase', False):
                    global uses_learning_phase
                    uses_learning_phase = True
                for state, new_state in zip(states, new_states):
                    new_state.set_shape(state.get_shape())
                
                # Fix: tile the mask correctly for each state and new state
                tiled_mask_t = tf.tile(mask_t, tf.stack([1, tf.shape(output)[1]]))
                output = tf.where(tiled_mask_t, output, states[0])
                new_states = [tf.where(tf.tile(mask_t, tf.stack([1, tf.shape(new_state)[1]])), new_state, state)
                              for state, new_state in zip(states, new_states)]
                output_ta_t = output_ta_t.write(time, output)
                return (time + 1, output_ta_t) + tuple(new_states)
        else:
            def _step(time, output_ta_t, *states):
                """"""RNN step function.

                # Arguments
                    time: Current timestep value.
                    output_ta_t: TensorArray.
                    *states: List of states.

                # Returns
                    Tuple: `(time + 1,output_ta_t) + tuple(new_states)`
                """"""
                current_input = input_ta.read(time)
                output, new_states = step_function(current_input,
                                                   tuple(states) +
                                                   tuple(constants))
                if getattr(output, '_uses_learning_phase', False):
                    global uses_learning_phase
                    uses_learning_phase = True
                for state, new_state in zip(states, new_states):
                    new_state.set_shape(state.get_shape())
                output_ta_t = output_ta_t.write(time, output)
                return (time + 1, output_ta_t) + tuple(new_states)

        final_outputs = control_flow_ops.while_loop(
            cond=lambda time, *_: time < time_steps,
            body=_step,
            loop_vars=(time, output_ta) + states,
            parallel_iterations=32,
            swap_memory=True)
        last_time = final_outputs[0]
        output_ta = final_outputs[1]
        new_states = final_outputs[2:]

        outputs = output_ta.stack()
        last_output = output_ta.read(last_time - 1)

    axes = [1, 0] + list(range(2, len(outputs.get_shape())))
    outputs = tf.transpose(outputs, axes)
    last_output._uses_learning_phase = uses_learning_phase
    return last_output, outputs, new_states
```",
keras-26-vall_llama-1,UNKNOWN,UNKNOWN,"```python
def rnn(step_function, inputs, initial_states,
        go_backwards=False, mask=None, constants=None,
        unroll=False, input_length=None):
    """"""Iterates over the time dimension of a tensor.

    # Arguments
        step_function: RNN step function.
            Parameters:
                inputs: tensor with shape `(samples,...)` (no time dimension),
                    representing input for the batch of samples at a certain
                    time step.
                states: list of tensors.
            Returns:
                outputs: tensor with shape `(samples, output_dim)`
                    (no time dimension).
                new_states: list of tensors, same length and shapes
                    as 'states'. The first state in the list must be the
                    output tensor at the previous timestep.
        inputs: tensor of temporal data of shape `(samples, time,...)`
            (at least 3D).
        initial_states: tensor with shape (samples, output_dim)
            (no time dimension),
            containing the initial values for the states used in
            the step function.
        go_backwards: boolean. If True, do the iteration over the time
            dimension in reverse order and return the reversed sequence.
        mask: binary tensor with shape `(samples, time, 1)`,
            with a zero for every element that is masked.
        constants: a list of constant values passed at each step.
        unroll: whether to unroll the RNN or to use a symbolic loop (`while_loop` or `scan` depending on backend).
        input_length: not relevant in the TensorFlow implementation.
            Must be specified if using unrolling with Theano.

    # Returns
        A tuple, `(last_output, outputs, new_states)`.

            last_output: the latest output of the rnn, of shape `(samples,...)`
            outputs: tensor with shape `(samples, time,...)` where each
                entry `outputs[s, t]` is the output of the step function
                at time `t` for sample `s`.
            new_states: list of tensors, latest states returned by
                the step function, of shape `(samples,...)`.

    # Raises
        ValueError: if input dimension is less than 3.
        ValueError: if `unroll` is `True` but input timestep is not a fixed number.
        ValueError: if `mask` is provided (not `None`) but states is not provided
            (`len(states)` == 0).
    """"""
    ndim = len(inputs.get_shape())
    if ndim < 3:
        raise ValueError('Input should be at least 3D.')

    # Transpose to time-major, i.e.
    # from (batch, time,...) to (time, batch,...)
    axes = [1, 0] + list(range(2, ndim))
    inputs = tf.transpose(inputs, (axes))

    if mask is not None:
        if mask.dtype!= tf.bool:
            mask = tf.cast(mask, tf.bool)
        if len(mask.get_shape()) == ndim - 1:
            mask = expand_dims(mask)
        mask = tf.transpose(mask, axes)

    if constants is None:
        constants = []

    global uses_learning_phase
    uses_learning_phase = False

    if unroll:
        if not inputs.get_shape()[0]:
            raise ValueError('Unrolling requires a '
                             'fixed number of timesteps.')
        states = initial_states
        successive_states = []
        successive_outputs = []

        input_list = tf.unstack(inputs)
        if go_backwards:
            input_list.reverse()

        if mask is not None:
            mask_list = tf.unstack(mask)
            if go_backwards:
                mask_list.reverse()

            for inp, mask_t in zip(input_list, mask_list):
                output, new_states = step_function(inp, states + constants)
                if getattr(output, '_uses_learning_phase', False):
                    uses_learning_phase = True

                # tf.where needs its condition tensor
                # to be the same shape as its two
                # result tensors, but in our case
                # the condition (mask) tensor is
                # (nsamples, 1), and A and B are (nsamples, ndimensions).
                # So we need to
                # broadcast the mask to match the shape of A and B.
                # That's what the tile call does,
                # it just repeats the mask along its second dimension
                # n times.
                if mask_t is not None:
                    tiled_mask_t = tf.tile(mask_t,
                                           tf.stack([1, tf.shape(output)[1]]))

                    if not successive_outputs:
                        prev_output = zeros_like(output)
                    else:
                        prev_output = successive_outputs[-1]

                    output = tf.where(tiled_mask_t, output, prev_output)

                    return_states = []
                    for state, new_state in zip(states, new_states):
                        # (see earlier comment for tile explanation)
                        if state.shape[1] == new_state.shape[1]:
                            tiled_mask_t_state = tf.tile(mask_t,
                                                           tf.stack([1, tf.shape(new_state)[1]]))
                            return_states.append(tf.where(tiled_mask_t_state,
                                                          new_state,
                                                          state))
                        else:
                            tiled_mask_t_state = tf.tile(mask_t,
                                                           tf.stack([1, tf.shape(state)[1]]))
                            return_states.append(tf.where(tiled_mask_t_state,
                                                          state,
                                                          state))
                    states = return_states
                else:
                    states = new_states
                successive_outputs.append(output)
                successive_states.append(states)
            last_output = successive_outputs[-1]
            new_states = successive_states[-1]
            outputs = tf.stack(successive_outputs)
        else:
            for inp in input_list:
                output, states = step_function(inp, states + constants)
                if getattr(output, '_uses_learning_phase', False):
                    uses_learning_phase = True
                successive_outputs.append(output)
                successive_states.append(states)
            last_output = successive_outputs[-1]
            new_states = successive_states[-1]
            outputs = tf.stack(successive_outputs)

    else:
        if go_backwards:
            inputs = reverse(inputs, 0)

        states = tuple(initial_states)

        time_steps = tf.shape(inputs)[0]
        outputs, _ = step_function(inputs[0], initial_states + constants)
        output_ta = tensor_array_ops.TensorArray(
            dtype=outputs.dtype,
            size=time_steps,
            tensor_array_name='output_ta')
        input_ta = tensor_array_ops.TensorArray(
            dtype=inputs.dtype,
            size=time_steps,
            tensor_array_name='input_ta')
        input_ta = input_ta.unstack(inputs)
        time = tf.constant(0, dtype='int32', name='time')

        if mask is not None:
            if not states:
                raise ValueError('No initial states provided! '
                                 'When using masking in an RNN, you should '
                                 'provide initial states '
                                 '(and your step function should return '
                                 'as its first state at time `t` '
                                 'the output at time `t-1`).')
            if go_backwards:
                mask = reverse(mask, 0)

            mask_ta = tensor_array_ops.TensorArray(
                dtype=tf.bool,
                size=time_steps,
                tensor_array_name='mask_ta')
            mask_ta = mask_ta.unstack(mask)

            def _step(time, output_ta_t, *states):
                """"""RNN step function.

                # Arguments
                    time: Current timestep value.
                    output_ta_t: TensorArray.
                    *states: List of states.

                # Returns
                    Tuple: `(time + 1,output_ta_t) + tuple(new_states)`
                """"""
                current_input = input_ta.read(time)
                mask_t = mask_ta.read(time)
                output, new_states = step_function(current_input,
                                                   tuple(states) +
                                                   tuple(constants))
                if getattr(output, '_uses_learning_phase', False):
                    global uses_learning_phase
                    uses_learning_phase = True
                for state, new_state in zip(states, new_states):
                    new_state.set_shape(state.get_shape())
                tiled_mask_t = tf.tile(mask_t,
                                       tf.stack([1, tf.shape(output)[1]]))
                output = tf.where(tiled_mask_t, output, states[0])
                new_states = [tf.where(tf.tile(mask_t, tf.stack([1, tf.shape(new_state)[1]])), new_state, state) for state, new_state in zip(states, new_states)]
                output_ta_t = output_ta_t.write(time, output)
                return (time + 1, output_ta_t) + tuple(new_states)
        else:
            def _step(time, output_ta_t, *states):
                """"""RNN step function.

                # Arguments
                    time: Current timestep value.
                    output_ta_t: TensorArray.
                    *states: List of states.

                # Returns
                    Tuple: `(time + 1,output_ta_t) + tuple(new_states)`
                """"""
                current_input = input_ta.read(time)
                output, new_states = step_function(current_input,
                                                   tuple(states) +
                                                   tuple(constants))
                if getattr(output, '_uses_learning_phase', False):
                    global uses_learning_phase
                    uses_learning_phase = True
                for state, new_state in zip(states, new_states):
                    new_state.set_shape(state.get_shape())
                output_ta_t = output_ta_t.write(time, output)
                return (time + 1, output_ta_t) + tuple(new_states)

        final_outputs = control_flow_ops.while_loop(
            cond=lambda time, *_: time < time_steps,
            body=_step,
            loop_vars=(time, output_ta) + states,
            parallel_iterations=32,
            swap_memory=True)
        last_time = final_outputs[0]
        output_ta = final_outputs[1]
        new_states = final_outputs[2:]

        outputs = output_ta.stack()
        last_output = output_ta.read(last_time - 1)

    axes = [1, 0] + list(range(2, len(outputs.get_shape())))
    outputs = tf.transpose(outputs, axes)
    last_output._uses_learning_phase = uses_learning_phase
    return last_output, outputs, new_states
```",
keras-26-vall_llama-2,UNKNOWN,UNKNOWN,"```python
def rnn(step_function, inputs, initial_states,
        go_backwards=False, mask=None, constants=None,
        unroll=False, input_length=None):
    """"""Iterates over the time dimension of a tensor.

    # Arguments
        step_function: RNN step function.
            Parameters:
                inputs: tensor with shape `(samples,...)` (no time dimension),
                    representing input for the batch of samples at a certain
                    time step.
                states: list of tensors.
            Returns:
                outputs: tensor with shape `(samples, output_dim)`
                    (no time dimension).
                new_states: list of tensors, same length and shapes
                    as 'states'. The first state in the list must be the
                    output tensor at the previous timestep.
        inputs: tensor of temporal data of shape `(samples, time,...)`
            (at least 3D).
        initial_states: tensor with shape (samples, output_dim)
            (no time dimension),
            containing the initial values for the states used in
            the step function.
        go_backwards: boolean. If True, do the iteration over the time
            dimension in reverse order and return the reversed sequence.
        mask: binary tensor with shape `(samples, time, 1)`,
            with a zero for every element that is masked.
        constants: a list of constant values passed at each step.
        unroll: whether to unroll the RNN or to use a symbolic loop (`while_loop` or `scan` depending on backend).
        input_length: not relevant in the TensorFlow implementation.
            Must be specified if using unrolling with Theano.

    # Returns
        A tuple, `(last_output, outputs, new_states)`.

            last_output: the latest output of the rnn, of shape `(samples,...)`
            outputs: tensor with shape `(samples, time,...)` where each
                entry `outputs[s, t]` is the output of the step function
                at time `t` for sample `s`.
            new_states: list of tensors, latest states returned by
                the step function, of shape `(samples,...)`.

    # Raises
        ValueError: if input dimension is less than 3.
        ValueError: if `unroll` is `True` but input timestep is not a fixed number.
        ValueError: if `mask` is provided (not `None`) but states is not provided
            (`len(states)` == 0).
    """"""
    ndim = len(inputs.get_shape())
    if ndim < 3:
        raise ValueError('Input should be at least 3D.')

    # Transpose to time-major, i.e.
    # from (batch, time,...) to (time, batch,...)
    axes = [1, 0] + list(range(2, ndim))
    inputs = tf.transpose(inputs, (axes))

    if mask is not None:
        if mask.dtype!= tf.bool:
            mask = tf.cast(mask, tf.bool)
        if len(mask.get_shape()) == ndim - 1:
            mask = expand_dims(mask)
        mask = tf.transpose(mask, axes)

    if constants is None:
        constants = []

    global uses_learning_phase
    uses_learning_phase = False

    if unroll:
        if not inputs.get_shape()[0]:
            raise ValueError('Unrolling requires a '
                             'fixed number of timesteps.')
        states = initial_states
        successive_states = []
        successive_outputs = []

        input_list = tf.unstack(inputs)
        if go_backwards:
            input_list.reverse()

        if mask is not None:
            mask_list = tf.unstack(mask)
            if go_backwards:
                mask_list.reverse()

            for inp, mask_t in zip(input_list, mask_list):
                output, new_states = step_function(inp, states + constants)
                if getattr(output, '_uses_learning_phase', False):
                    uses_learning_phase = True

                # Corrected tiling of mask
                tiled_mask_t = tf.tile(
                    tf.expand_dims(mask_t, axis=-1),
                    tf.stack([1, tf.shape(output)[1]]))

                if not successive_outputs:
                    prev_output = zeros_like(output)
                else:
                    prev_output = successive_outputs[-1]

                output = tf.where(tiled_mask_t, output, prev_output)

                # Adjust new states according to mask
                return_states = []
                for state, new_state in zip(states, new_states):
                    # Corrected tiling of mask for state shapes
                    state_mask_t = tf.tile(
                        tf.expand_dims(mask_t, axis=-1),
                        tf.stack([1, tf.shape(new_state)[1]]))
                    return_states.append(tf.where(state_mask_t, new_state, state))
                states = return_states
                successive_outputs.append(output)
                successive_states.append(states)
            last_output = successive_outputs[-1]
            new_states = successive_states[-1]
            outputs = tf.stack(successive_outputs)
        else:
            for inp in input_list:
                output, states = step_function(inp, states + constants)
                if getattr(output, '_uses_learning_phase', False):
                    uses_learning_phase = True
                successive_outputs.append(output)
                successive_states.append(states)
            last_output = successive_outputs[-1]
            new_states = successive_states[-1]
            outputs = tf.stack(successive_outputs)

    else:
        if go_backwards:
            inputs = reverse(inputs, 0)

        states = tuple(initial_states)

        time_steps = tf.shape(inputs)[0]
        outputs, _ = step_function(inputs[0], initial_states + constants)
        output_ta = tensor_array_ops.TensorArray(
            dtype=outputs.dtype,
            size=time_steps,
            tensor_array_name='output_ta')
        input_ta = tensor_array_ops.TensorArray(
            dtype=inputs.dtype,
            size=time_steps,
            tensor_array_name='input_ta')
        input_ta = input_ta.unstack(inputs)
        time = tf.constant(0, dtype='int32', name='time')

        if mask is not None:
            if not states:
                raise ValueError('No initial states provided! '
                                 'When using masking in an RNN, you should '
                                 'provide initial states '
                                 '(and your step function should return '
                                 'as its first state at time `t` '
                                 'the output at time `t-1`).')
            if go_backwards:
                mask = reverse(mask, 0)

            mask_ta = tensor_array_ops.TensorArray(
                dtype=tf.bool,
                size=time_steps,
                tensor_array_name='mask_ta')
            mask_ta = mask_ta.unstack(mask)

            def _step(time, output_ta_t, *states):
                """"""RNN step function.

                # Arguments
                    time: Current timestep value.
                    output_ta_t: TensorArray.
                    *states: List of states.

                # Returns
                    Tuple: `(time + 1,output_ta_t) + tuple(new_states)`
                """"""
                current_input = input_ta.read(time)
                mask_t = mask_ta.read(time)
                output, new_states = step_function(current_input,
                                                   tuple(states) +
                                                   tuple(constants))
                if getattr(output, '_uses_learning_phase', False):
                    global uses_learning_phase
                    uses_learning_phase = True
                for state, new_state in zip(states, new_states):
                    new_state.set_shape(state.get_shape())
                # Corrected tiling of mask for output shape
                tiled_mask_t = tf.tile(
                    tf.expand_dims(mask_t, axis=-1),
                    tf.stack([1, tf.shape(output)[1]]))
                output = tf.where(tiled_mask_t, output, states[0])
                new_states = [tf.where(
                    tf.tile(tf.expand_dims(mask_t, axis=-1),
                           tf.stack([1, tf.shape(new_state)[1]])), new_state, state)
                    for state, new_state in zip(states, new_states)]
                output_ta_t = output_ta_t.write(time, output)
                return (time + 1, output_ta_t) + tuple(new_states)
        else:
            def _step(time, output_ta_t, *states):
                """"""RNN step function.

                # Arguments
                    time: Current timestep value.
                    output_ta_t: TensorArray.
                    *states: List of states.

                # Returns
                    Tuple: `(time + 1,output_ta_t) + tuple(new_states)`
                """"""
                current_input = input_ta.read(time)
                output, new_states = step_function(current_input,
                                                   tuple(states) +
                                                   tuple(constants))
                if getattr(output, '_uses_learning_phase', False):
                    global uses_learning_phase
                    uses_learning_phase = True
                for state, new_state in zip(states, new_states):
                    new_state.set_shape(state.get_shape())
                output_ta_t = output_ta_t.write(time, output)
                return (time + 1, output_ta_t) + tuple(new_states)

        final_outputs = control_flow_ops.while_loop(
            cond=lambda time, *_: time < time_steps,
            body=_step,
            loop_vars=(time, output_ta) + states,
            parallel_iterations=32,
            swap_memory=True)
        last_time = final_outputs[0]
        output_ta = final_outputs[1]
        new_states = final_outputs[2:]

        outputs = output_ta.stack()
        last_output = output_ta.read(last_time - 1)

    axes = [1, 0] + list(range(2, len(outputs.get_shape())))
    outputs = tf.transpose(outputs, axes)
    last_output._uses_learning_phase = uses_learning_phase
    return last_output, outputs, new_states
```",
keras-26-vall_llama-3,UNKNOWN,UNKNOWN,"```python
def rnn(step_function, inputs, initial_states,
        go_backwards=False, mask=None, constants=None,
        unroll=False, input_length=None):
    """"""Iterates over the time dimension of a tensor.

    # Arguments
        step_function: RNN step function.
            Parameters:
                inputs: tensor with shape `(samples,...)` (no time dimension),
                    representing input for the batch of samples at a certain
                    time step.
                states: list of tensors.
            Returns:
                outputs: tensor with shape `(samples, output_dim)`
                    (no time dimension).
                new_states: list of tensors, same length and shapes
                    as 'states'. The first state in the list must be the
                    output tensor at the previous timestep.
        inputs: tensor of temporal data of shape `(samples, time,...)`
            (at least 3D).
        initial_states: tensor with shape (samples, output_dim)
            (no time dimension),
            containing the initial values for the states used in
            the step function.
        go_backwards: boolean. If True, do the iteration over the time
            dimension in reverse order and return the reversed sequence.
        mask: binary tensor with shape `(samples, time, 1)`,
            with a zero for every element that is masked.
        constants: a list of constant values passed at each step.
        unroll: whether to unroll the RNN or to use a symbolic loop (`while_loop` or `scan` depending on backend).
        input_length: not relevant in the TensorFlow implementation.
            Must be specified if using unrolling with Theano.

    # Returns
        A tuple, `(last_output, outputs, new_states)`.

            last_output: the latest output of the rnn, of shape `(samples,...)`
            outputs: tensor with shape `(samples, time,...)` where each
                entry `outputs[s, t]` is the output of the step function
                at time `t` for sample `s`.
            new_states: list of tensors, latest states returned by
                the step function, of shape `(samples,...)`.

    # Raises
        ValueError: if input dimension is less than 3.
        ValueError: if `unroll` is `True` but input timestep is not a fixed number.
        ValueError: if `mask` is provided (not `None`) but states is not provided
            (`len(states)` == 0).
    """"""
    ndim = len(inputs.get_shape())
    if ndim < 3:
        raise ValueError('Input should be at least 3D.')

    # Transpose to time-major, i.e.
    # from (batch, time,...) to (time, batch,...)
    axes = [1, 0] + list(range(2, ndim))
    inputs = tf.transpose(inputs, (axes))

    if mask is not None:
        if mask.dtype!= tf.bool:
            mask = tf.cast(mask, tf.bool)
        if len(mask.get_shape()) == ndim - 1:
            mask = tf.expand_dims(mask, -1)
        mask = tf.transpose(mask, axes)

    if constants is None:
        constants = []

    global uses_learning_phase
    uses_learning_phase = False

    if unroll:
        if not inputs.get_shape()[0]:
            raise ValueError('Unrolling requires a '
                             'fixed number of timesteps.')
        states = initial_states
        successive_states = []
        successive_outputs = []

        input_list = tf.unstack(inputs)
        if go_backwards:
            input_list.reverse()

        if mask is not None:
            mask_list = tf.unstack(mask)
            if go_backwards:
                mask_list.reverse()

            for inp, mask_t in zip(input_list, mask_list):
                output, new_states = step_function(inp, states + constants)
                if getattr(output, '_uses_learning_phase', False):
                    uses_learning_phase = True

                # Correctly tile the mask for each state
                tiled_masks_t = [tf.tile(mask_t, tf.stack([1, tf.shape(state)[1]])) for state in new_states]

                if not successive_outputs:
                    prev_output = tf.zeros_like(output)
                else:
                    prev_output = successive_outputs[-1]

                output = tf.where(tiled_masks_t[0], output, prev_output)

                return_states = []
                for state, new_state, tiled_mask_t in zip(states, new_states, tiled_masks_t):
                    return_states.append(tf.where(tiled_mask_t, new_state, state))
                states = return_states
                successive_outputs.append(output)
                successive_states.append(states)
            last_output = successive_outputs[-1]
            new_states = successive_states[-1]
            outputs = tf.stack(successive_outputs)
        else:
            for inp in input_list:
                output, states = step_function(inp, states + constants)
                if getattr(output, '_uses_learning_phase', False):
                    uses_learning_phase = True
                successive_outputs.append(output)
                successive_states.append(states)
            last_output = successive_outputs[-1]
            new_states = successive_states[-1]
            outputs = tf.stack(successive_outputs)

    else:
        if go_backwards:
            inputs = reverse(inputs, 0)

        states = tuple(initial_states)

        time_steps = tf.shape(inputs)[0]
        outputs, _ = step_function(inputs[0], initial_states + constants)
        output_ta = tensor_array_ops.TensorArray(
            dtype=outputs.dtype,
            size=time_steps,
            tensor_array_name='output_ta')
        input_ta = tensor_array_ops.TensorArray(
            dtype=inputs.dtype,
            size=time_steps,
            tensor_array_name='input_ta')
        input_ta = input_ta.unstack(inputs)
        time = tf.constant(0, dtype='int32', name='time')

        if mask is not None:
            if not states:
                raise ValueError('No initial states provided! '
                                 'When using masking in an RNN, you should '
                                 'provide initial states '
                                 '(and your step function should return '
                                 'as its first state at time `t` '
                                 'the output at time `t-1`).')
            if go_backwards:
                mask = reverse(mask, 0)

            mask_ta = tensor_array_ops.TensorArray(
                dtype=tf.bool,
                size=time_steps,
                tensor_array_name='mask_ta')
            mask_ta = mask_ta.unstack(mask)

            def _step(time, output_ta_t, *states):
                """"""RNN step function.

                # Arguments
                    time: Current timestep value.
                    output_ta_t: TensorArray.
                    *states: List of states.

                # Returns
                    Tuple: `(time + 1,output_ta_t) + tuple(new_states)`
                """"""
                current_input = input_ta.read(time)
                mask_t = mask_ta.read(time)
                output, new_states = step_function(current_input,
                                                   tuple(states) +
                                                   tuple(constants))
                if getattr(output, '_uses_learning_phase', False):
                    global uses_learning_phase
                    uses_learning_phase = True
                for state, new_state in zip(states, new_states):
                    new_state.set_shape(state.get_shape())
                
                # Correctly tile the mask for each state
                tiled_masks_t = [tf.tile(mask_t, tf.stack([1, tf.shape(new_state)[1]])) for new_state in new_states]
                
                output = tf.where(tiled_masks_t[0], output, states[0])
                new_states = [tf.where(tiled_mask_t, new_state, state) for state, new_state, tiled_mask_t in zip(states, new_states, tiled_masks_t)]
                output_ta_t = output_ta_t.write(time, output)
                return (time + 1, output_ta_t) + tuple(new_states)
        else:
            def _step(time, output_ta_t, *states):
                """"""RNN step function.

                # Arguments
                    time: Current timestep value.
                    output_ta_t: TensorArray.
                    *states: List of states.

                # Returns
                    Tuple: `(time + 1,output_ta_t) + tuple(new_states)`
                """"""
                current_input = input_ta.read(time)
                output, new_states = step_function(current_input,
                                                   tuple(states) +
                                                   tuple(constants))
                if getattr(output, '_uses_learning_phase', False):
                    global uses_learning_phase
                    uses_learning_phase = True
                for state, new_state in zip(states, new_states):
                    new_state.set_shape(state.get_shape())
                output_ta_t = output_ta_t.write(time, output)
                return (time + 1, output_ta_t) + tuple(new_states)

        final_outputs = control_flow_ops.while_loop(
            cond=lambda time, *_: time < time_steps,
            body=_step,
            loop_vars=(time, output_ta) + states,
            parallel_iterations=32,
            swap_memory=True)
        last_time = final_outputs[0]
        output_ta = final_outputs[1]
        new_states = final_outputs[2:]

        outputs = output_ta.stack()
        last_output = output_ta.read(last_time - 1)

    axes = [1, 0] + list(range(2, len(outputs.get_shape())))
    outputs = tf.transpose(outputs, axes)
    last_output._uses_learning_phase = uses_learning_phase
    return last_output, outputs, new_states
```",
keras-26-vall_llama-4,UNKNOWN,UNKNOWN,"```python
def rnn(step_function, inputs, initial_states,
        go_backwards=False, mask=None, constants=None,
        unroll=False, input_length=None):
    """"""Iterates over the time dimension of a tensor.

    # Arguments
        step_function: RNN step function.
            Parameters:
                inputs: tensor with shape `(samples,...)` (no time dimension),
                    representing input for the batch of samples at a certain
                    time step.
                states: list of tensors.
            Returns:
                outputs: tensor with shape `(samples, output_dim)`
                    (no time dimension).
                new_states: list of tensors, same length and shapes
                    as 'states'. The first state in the list must be the
                    output tensor at the previous timestep.
        inputs: tensor of temporal data of shape `(samples, time,...)`
            (at least 3D).
        initial_states: tensor with shape (samples, output_dim)
            (no time dimension),
            containing the initial values for the states used in
            the step function.
        go_backwards: boolean. If True, do the iteration over the time
            dimension in reverse order and return the reversed sequence.
        mask: binary tensor with shape `(samples, time, 1)`,
            with a zero for every element that is masked.
        constants: a list of constant values passed at each step.
        unroll: whether to unroll the RNN or to use a symbolic loop (`while_loop` or `scan` depending on backend).
        input_length: not relevant in the TensorFlow implementation.
            Must be specified if using unrolling with Theano.

    # Returns
        A tuple, `(last_output, outputs, new_states)`.

            last_output: the latest output of the rnn, of shape `(samples,...)`
            outputs: tensor with shape `(samples, time,...)` where each
                entry `outputs[s, t]` is the output of the step function
                at time `t` for sample `s`.
            new_states: list of tensors, latest states returned by
                the step function, of shape `(samples,...)`.

    # Raises
        ValueError: if input dimension is less than 3.
        ValueError: if `unroll` is `True` but input timestep is not a fixed number.
        ValueError: if `mask` is provided (not `None`) but states is not provided
            (`len(states)` == 0).
    """"""
    ndim = len(inputs.get_shape())
    if ndim < 3:
        raise ValueError('Input should be at least 3D.')

    # Transpose to time-major, i.e.
    # from (batch, time,...) to (time, batch,...)
    axes = [1, 0] + list(range(2, ndim))
    inputs = tf.transpose(inputs, (axes))

    if mask is not None:
        if mask.dtype!= tf.bool:
            mask = tf.cast(mask, tf.bool)
        if len(mask.get_shape()) == ndim - 1:
            mask = expand_dims(mask)
        mask = tf.transpose(mask, axes)

    if constants is None:
        constants = []

    global uses_learning_phase
    uses_learning_phase = False

    if unroll:
        if not inputs.get_shape()[0]:
            raise ValueError('Unrolling requires a '
                             'fixed number of timesteps.')
        states = initial_states
        successive_states = []
        successive_outputs = []

        input_list = tf.unstack(inputs)
        if go_backwards:
            input_list.reverse()

        if mask is not None:
            mask_list = tf.unstack(mask)
            if go_backwards:
                mask_list.reverse()

            for inp, mask_t in zip(input_list, mask_list):
                output, new_states = step_function(inp, states + constants)
                if getattr(output, '_uses_learning_phase', False):
                    uses_learning_phase = True

                # tf.where needs its condition tensor
                # to be the same shape as its two
                # result tensors, but in our case
                # the condition (mask) tensor is
                # (nsamples, 1), and A and B are (nsamples, ndimensions).
                # So we need to
                # broadcast the mask to match the shape of A and B.
                # That's what the tile call does,
                # it just repeats the mask along its second dimension
                # n times.
                tiled_mask_t = tf.tile(mask_t,
                                       tf.stack([1, tf.shape(output)[1]]))

                if not successive_outputs:
                    prev_output = zeros_like(output)
                else:
                    prev_output = successive_outputs[-1]

                output = tf.where(tiled_mask_t, output, prev_output)

                return_states = []
                for state, new_state in zip(states, new_states):
                    # (see earlier comment for tile explanation)
                    # Correctly tile the mask for each state
                    tiled_mask_t_state = tf.tile(mask_t,
                                                 tf.stack([1, tf.shape(new_state)[1]]))
                    return_states.append(tf.where(tiled_mask_t_state,
                                                  new_state,
                                                  state))
                states = return_states
                successive_outputs.append(output)
                successive_states.append(states)
            last_output = successive_outputs[-1]
            new_states = successive_states[-1]
            outputs = tf.stack(successive_outputs)
        else:
            for inp in input_list:
                output, states = step_function(inp, states + constants)
                if getattr(output, '_uses_learning_phase', False):
                    uses_learning_phase = True
                successive_outputs.append(output)
                successive_states.append(states)
            last_output = successive_outputs[-1]
            new_states = successive_states[-1]
            outputs = tf.stack(successive_outputs)

    else:
        if go_backwards:
            inputs = reverse(inputs, 0)

        states = tuple(initial_states)

        time_steps = tf.shape(inputs)[0]
        outputs, _ = step_function(inputs[0], initial_states + constants)
        output_ta = tensor_array_ops.TensorArray(
            dtype=outputs.dtype,
            size=time_steps,
            tensor_array_name='output_ta')
        input_ta = tensor_array_ops.TensorArray(
            dtype=inputs.dtype,
            size=time_steps,
            tensor_array_name='input_ta')
        input_ta = input_ta.unstack(inputs)
        time = tf.constant(0, dtype='int32', name='time')

        if mask is not None:
            if not states:
                raise ValueError('No initial states provided! '
                                 'When using masking in an RNN, you should '
                                 'provide initial states '
                                 '(and your step function should return '
                                 'as its first state at time `t` '
                                 'the output at time `t-1`).')
            if go_backwards:
                mask = reverse(mask, 0)

            mask_ta = tensor_array_ops.TensorArray(
                dtype=tf.bool,
                size=time_steps,
                tensor_array_name='mask_ta')
            mask_ta = mask_ta.unstack(mask)

            def _step(time, output_ta_t, *states):
                """"""RNN step function.

                # Arguments
                    time: Current timestep value.
                    output_ta_t: TensorArray.
                    *states: List of states.

                # Returns
                    Tuple: `(time + 1,output_ta_t) + tuple(new_states)`
                """"""
                current_input = input_ta.read(time)
                mask_t = mask_ta.read(time)
                output, new_states = step_function(current_input,
                                                   tuple(states) +
                                                   tuple(constants))
                if getattr(output, '_uses_learning_phase', False):
                    global uses_learning_phase
                    uses_learning_phase = True
                for state, new_state in zip(states, new_states):
                    new_state.set_shape(state.get_shape())
                tiled_mask_t = tf.tile(mask_t,
                                       tf.stack([1, tf.shape(output)[1]]))
                output = tf.where(tiled_mask_t, output, states[0])
                new_states = [tf.where(tf.tile(mask_t, tf.stack([1, tf.shape(new_state)[1]])), new_states[i], states[i]) for i, new_state in enumerate(new_states)]
                output_ta_t = output_ta_t.write(time, output)
                return (time + 1, output_ta_t) + tuple(new_states)
        else:
            def _step(time, output_ta_t, *states):
                """"""RNN step function.

                # Arguments
                    time: Current timestep value.
                    output_ta_t: TensorArray.
                    *states: List of states.

                # Returns
                    Tuple: `(time + 1,output_ta_t) + tuple(new_states)`
                """"""
                current_input = input_ta.read(time)
                output, new_states = step_function(current_input,
                                                   tuple(states) +
                                                   tuple(constants))
                if getattr(output, '_uses_learning_phase', False):
                    global uses_learning_phase
                    uses_learning_phase = True
                for state, new_state in zip(states, new_states):
                    new_state.set_shape(state.get_shape())
                output_ta_t = output_ta_t.write(time, output)
                return (time + 1, output_ta_t) + tuple(new_states)

        final_outputs = control_flow_ops.while_loop(
            cond=lambda time, *_: time < time_steps,
            body=_step,
            loop_vars=(time, output_ta) + states,
            parallel_iterations=32,
            swap_memory=True)
        last_time = final_outputs[0]
        output_ta = final_outputs[1]
        new_states = final_outputs[2:]

        outputs = output_ta.stack()
        last_output = output_ta.read(last_time - 1)

    axes = [1, 0] + list(range(2, len(outputs.get_shape())))
    outputs = tf.transpose(outputs, axes)
    last_output._uses_learning_phase = uses_learning_phase
    return last_output, outputs, new_states
```",
keras-26-vall_llama-5,UNKNOWN,UNKNOWN,"### Step-by-step analysis of the problem:
1. **Understanding the `rnn` Function**: The `rnn` function is a part of the TensorFlow backend in Keras, used for iterating over the time dimension of a tensor. This is crucial for recurrent neural networks (RNNs) where information from previous time steps is used to make predictions at the current step.

2. **Identifying the Issue**: The problem arises when there's a shape mismatch in the `rnn` function, specifically when `unroll` is `False` and a mask is provided (`mask is not None`). This mismatch occurs because the `tiled_mask_t` is not correctly updated for each state in the list of states (`states[i]`) but is instead simply copied from the mask for the output (`states[0]`).

3. **Analyzing Error Messages**: The error messages from failing tests indicate a mismatch in dimensions during the execution of the `while_loop` (or `scan` in other backends). Specifically, there's a clash between the dimensions expected by the `Select` operation (`tf.where`) and the actual dimensions provided by the `tiled_mask_t`, `new_states[i]`, and `states[i]`.

4. **Understanding the Need for Correct Masking**: When a mask is used, it is essential to apply the mask correctly across all states, ensuring that states which are supposed to be ignored (due to the mask) are indeed ignored in the computation and do not affect the subsequent steps.

5. **Determining the Fix Strategy**: To fix this issue, we need to ensure that the masking is applied correctly for each state. This involves tiling the mask (`mask_t`) to match the shape of each state (`new_states[i]`) and the corresponding previous state (`states[i]`), rather than using a mask tiled only to match the output's shape (`states[0]`).

### Fixed solution:
```python
def rnn(step_function, inputs, initial_states,
        go_backwards=False, mask=None, constants=None,
        unroll=False, input_length=None):
    #... other parts of the function remain the same...
    
    if unroll:
        #... Unrolling logic remains unchanged...
    else:
        if go_backwards:
            inputs = reverse(inputs, 0)

        states = tuple(initial_states)

        time_steps = tf.shape(inputs)[0]
        outputs, _ = step_function(inputs[0], initial_states + constants)
        output_ta = tensor_array_ops.TensorArray(
            dtype=outputs.dtype,
            size=time_steps,
            tensor_array_name='output_ta')
        input_ta = tensor_array_ops.TensorArray(
            dtype=inputs.dtype,
            size=time_steps,
            tensor_array_name='input_ta')
        input_ta = input_ta.unstack(inputs)
        time = tf.constant(0, dtype='int32', name='time')

        if mask is not None:
            if not states:
                raise ValueError('No initial states provided! '
                                 'When using masking in an RNN, you should '
                                 'provide initial states '
                                 '(and your step function should return '
                                 'as its first state at time `t` '
                                 'the output at time `t-1`).')
            if go_backwards:
                mask = reverse(mask, 0)

            mask_ta = tensor_array_ops.TensorArray(
                dtype=tf.bool,
                size=time_steps,
                tensor_array_name='mask_ta')
            mask_ta = mask_ta.unstack(mask)

            def _step(time, output_ta_t, *states):
                current_input = input_ta.read(time)
                mask_t = mask_ta.read(time)
                
                # Correctly apply mask to each state
                output, new_states = step_function(current_input,
                                                   tuple(states) +
                                                   tuple(constants))
                if getattr(output, '_uses_learning_phase', False):
                    global uses_learning_phase
                    uses_learning_phase = True
                for state, new_state in zip(states, new_states):
                    new_state.set_shape(state.get_shape())
                    
                # Tile mask to match the shape of each new_state
                new_states_masked = []
                for i, (state, new_state) in enumerate(zip(states, new_states)):
                    tiled_mask_t = tf.tile(mask_t,
                                           tf.stack([1, tf.shape(new_state)[1]]))
                    new_states_masked.append(tf.where(tiled_mask_t, new_state, state))
                    
                output_ta_t = output_ta_t.write(time, output)
                return (time + 1, output_ta_t) + tuple(new_states_masked)
        else:
            def _step(time, output_ta_t, *states):
                current_input = input_ta.read(time)
                output, new_states = step_function(current_input,
                                                   tuple(states) +
                                                   tuple(constants))
                if getattr(output, '_uses_learning_phase', False):
                    global uses_learning_phase
                    uses_learning_phase = True
                for state, new_state in zip(states, new_states):
                    new_state.set_shape(state.get_shape())
                output_ta_t = output_ta_t.write(time, output)
                return (time + 1, output_ta_t) + tuple(new_states)

        final_outputs = control_flow_ops.while_loop(
            cond=lambda time, *_: time < time_steps,
            body=_step,
            loop_vars=(time, output_ta) + states,
            parallel_iterations=32,
            swap_memory=True)
        last_time = final_outputs[0]
        output_ta = final_outputs[1]
        new_states = final_outputs[2:]

        outputs = output_ta.stack()
        last_output = output_ta.read(last_time - 1)

    #... Rest of the function remains the same...
    return last_output, outputs, new_states
```

### Explanation of changes:
* The key change is in the `_step` function where the mask is applied. Instead of directly using `tiled_mask_t` for all states, the code now correctly tiles the mask for each state (`new_state`) to match its shape before applying it with `tf.where`.
* This ensures that the masking logic is correctly applied to each state, resolving the shape mismatch issue.
* The logic for handling the `unroll` case remains unchanged, as the primary fix targets the `while_loop` (or `scan`) scenario with masking.

### Tests and example uses:
The provided test function `test_rnn_additional_states` can be used to validate the corrected implementation. Additionally, users can test the `rnn` function with different configurations, including various mask patterns and state shapes, to ensure its robustness and correctness.",
keras-26-vall_llama-6,UNKNOWN,UNKNOWN,"```python
def rnn(step_function, inputs, initial_states,
        go_backwards=False, mask=None, constants=None,
        unroll=False, input_length=None):
    """"""Iterates over the time dimension of a tensor.

    # Arguments
        step_function: RNN step function.
            Parameters:
                inputs: tensor with shape `(samples,...)` (no time dimension),
                    representing input for the batch of samples at a certain
                    time step.
                states: list of tensors.
            Returns:
                outputs: tensor with shape `(samples, output_dim)`
                    (no time dimension).
                new_states: list of tensors, same length and shapes
                    as 'states'. The first state in the list must be the
                    output tensor at the previous timestep.
        inputs: tensor of temporal data of shape `(samples, time,...)`
            (at least 3D).
        initial_states: tensor with shape (samples, output_dim)
            (no time dimension),
            containing the initial values for the states used in
            the step function.
        go_backwards: boolean. If True, do the iteration over the time
            dimension in reverse order and return the reversed sequence.
        mask: binary tensor with shape `(samples, time, 1)`,
            with a zero for every element that is masked.
        constants: a list of constant values passed at each step.
        unroll: whether to unroll the RNN or to use a symbolic loop (`while_loop` or `scan` depending on backend).
        input_length: not relevant in the TensorFlow implementation.
            Must be specified if using unrolling with Theano.

    # Returns
        A tuple, `(last_output, outputs, new_states)`.

            last_output: the latest output of the rnn, of shape `(samples,...)`
            outputs: tensor with shape `(samples, time,...)` where each
                entry `outputs[s, t]` is the output of the step function
                at time `t` for sample `s`.
            new_states: list of tensors, latest states returned by
                the step function, of shape `(samples,...)`.

    # Raises
        ValueError: if input dimension is less than 3.
        ValueError: if `unroll` is `True` but input timestep is not a fixed number.
        ValueError: if `mask` is provided (not `None`) but states is not provided
            (`len(states)` == 0).
    """"""
    ndim = len(inputs.get_shape())
    if ndim < 3:
        raise ValueError('Input should be at least 3D.')

    # Transpose to time-major, i.e.
    # from (batch, time,...) to (time, batch,...)
    axes = [1, 0] + list(range(2, ndim))
    inputs = tf.transpose(inputs, (axes))

    if mask is not None:
        if mask.dtype!= tf.bool:
            mask = tf.cast(mask, tf.bool)
        if len(mask.get_shape()) == ndim - 1:
            mask = expand_dims(mask)
        mask = tf.transpose(mask, axes)

    if constants is None:
        constants = []

    global uses_learning_phase
    uses_learning_phase = False

    if unroll:
        if not inputs.get_shape()[0]:
            raise ValueError('Unrolling requires a '
                             'fixed number of timesteps.')
        states = initial_states
        successive_states = []
        successive_outputs = []

        input_list = tf.unstack(inputs)
        if go_backwards:
            input_list.reverse()

        if mask is not None:
            mask_list = tf.unstack(mask)
            if go_backwards:
                mask_list.reverse()

            for inp, mask_t in zip(input_list, mask_list):
                output, new_states = step_function(inp, states + constants)
                if getattr(output, '_uses_learning_phase', False):
                    uses_learning_phase = True

                # tf.where needs its condition tensor
                # to be the same shape as its two
                # result tensors, but in our case
                # the condition (mask) tensor is
                # (nsamples, 1), and A and B are (nsamples, ndimensions).
                # So we need to
                # broadcast the mask to match the shape of A and B.
                # That's what the tile call does,
                # it just repeats the mask along its second dimension
                # n times.
                tiled_mask_t = tf.tile(mask_t,
                                       tf.stack([1, tf.shape(output)[1]]))

                if not successive_outputs:
                    prev_output = zeros_like(output)
                else:
                    prev_output = successive_outputs[-1]

                output = tf.where(tiled_mask_t, output, prev_output)

                return_states = []
                for state, new_state in zip(states, new_states):
                    # Correctly tile the mask for each state
                    tiled_mask_t_state = tf.tile(mask_t,
                                                 tf.stack([1, tf.shape(new_state)[1]]))
                    return_states.append(tf.where(tiled_mask_t_state,
                                                  new_state,
                                                  state))
                states = return_states
                successive_outputs.append(output)
                successive_states.append(states)
            last_output = successive_outputs[-1]
            new_states = successive_states[-1]
            outputs = tf.stack(successive_outputs)
        else:
            for inp in input_list:
                output, states = step_function(inp, states + constants)
                if getattr(output, '_uses_learning_phase', False):
                    uses_learning_phase = True
                successive_outputs.append(output)
                successive_states.append(states)
            last_output = successive_outputs[-1]
            new_states = successive_states[-1]
            outputs = tf.stack(successive_outputs)

    else:
        if go_backwards:
            inputs = reverse(inputs, 0)

        states = tuple(initial_states)

        time_steps = tf.shape(inputs)[0]
        outputs, _ = step_function(inputs[0], initial_states + constants)
        output_ta = tensor_array_ops.TensorArray(
            dtype=outputs.dtype,
            size=time_steps,
            tensor_array_name='output_ta')
        input_ta = tensor_array_ops.TensorArray(
            dtype=inputs.dtype,
            size=time_steps,
            tensor_array_name='input_ta')
        input_ta = input_ta.unstack(inputs)
        time = tf.constant(0, dtype='int32', name='time')

        if mask is not None:
            if not states:
                raise ValueError('No initial states provided! '
                                 'When using masking in an RNN, you should '
                                 'provide initial states '
                                 '(and your step function should return '
                                 'as its first state at time `t` '
                                 'the output at time `t-1`).')
            if go_backwards:
                mask = reverse(mask, 0)

            mask_ta = tensor_array_ops.TensorArray(
                dtype=tf.bool,
                size=time_steps,
                tensor_array_name='mask_ta')
            mask_ta = mask_ta.unstack(mask)

            def _step(time, output_ta_t, *states):
                """"""RNN step function.

                # Arguments
                    time: Current timestep value.
                    output_ta_t: TensorArray.
                    *states: List of states.

                # Returns
                    Tuple: `(time + 1,output_ta_t) + tuple(new_states)`
                """"""
                current_input = input_ta.read(time)
                mask_t = mask_ta.read(time)
                output, new_states = step_function(current_input,
                                                   tuple(states) +
                                                   tuple(constants))
                if getattr(output, '_uses_learning_phase', False):
                    global uses_learning_phase
                    uses_learning_phase = True
                for state, new_state in zip(states, new_states):
                    new_state.set_shape(state.get_shape())
                tiled_mask_t = tf.tile(mask_t,
                                       tf.stack([1, tf.shape(output)[1]]))
                output = tf.where(tiled_mask_t, output, states[0])
                new_states = [tf.where(tf.tile(mask_t,
                                               tf.stack([1, tf.shape(new_state)[1]])),
                                       new_state,
                                       state) for state, new_state in zip(states, new_states)]
                output_ta_t = output_ta_t.write(time, output)
                return (time + 1, output_ta_t) + tuple(new_states)
        else:
            def _step(time, output_ta_t, *states):
                """"""RNN step function.

                # Arguments
                    time: Current timestep value.
                    output_ta_t: TensorArray.
                    *states: List of states.

                # Returns
                    Tuple: `(time + 1,output_ta_t) + tuple(new_states)`
                """"""
                current_input = input_ta.read(time)
                output, new_states = step_function(current_input,
                                                   tuple(states) +
                                                   tuple(constants))
                if getattr(output, '_uses_learning_phase', False):
                    global uses_learning_phase
                    uses_learning_phase = True
                for state, new_state in zip(states, new_states):
                    new_state.set_shape(state.get_shape())
                output_ta_t = output_ta_t.write(time, output)
                return (time + 1, output_ta_t) + tuple(new_states)

        final_outputs = control_flow_ops.while_loop(
            cond=lambda time, *_: time < time_steps,
            body=_step,
            loop_vars=(time, output_ta) + states,
            parallel_iterations=32,
            swap_memory=True)
        last_time = final_outputs[0]
        output_ta = final_outputs[1]
        new_states = final_outputs[2:]

        outputs = output_ta.stack()
        last_output = output_ta.read(last_time - 1)

    axes = [1, 0] + list(range(2, len(outputs.get_shape())))
    outputs = tf.transpose(outputs, axes)
    last_output._uses_learning_phase = uses_learning_phase
    return last_output, outputs, new_states
```",
keras-26-vall_llama-7,UNKNOWN,UNKNOWN,"```python
def rnn(step_function, inputs, initial_states,
        go_backwards=False, mask=None, constants=None,
        unroll=False, input_length=None):
    """"""Iterates over the time dimension of a tensor.

    # Arguments
        step_function: RNN step function.
            Parameters:
                inputs: tensor with shape `(samples,...)` (no time dimension),
                    representing input for the batch of samples at a certain
                    time step.
                states: list of tensors.
            Returns:
                outputs: tensor with shape `(samples, output_dim)`
                    (no time dimension).
                new_states: list of tensors, same length and shapes
                    as 'states'. The first state in the list must be the
                    output tensor at the previous timestep.
        inputs: tensor of temporal data of shape `(samples, time,...)`
            (at least 3D).
        initial_states: tensor with shape (samples, output_dim)
            (no time dimension),
            containing the initial values for the states used in
            the step function.
        go_backwards: boolean. If True, do the iteration over the time
            dimension in reverse order and return the reversed sequence.
        mask: binary tensor with shape `(samples, time, 1)`,
            with a zero for every element that is masked.
        constants: a list of constant values passed at each step.
        unroll: whether to unroll the RNN or to use a symbolic loop (`while_loop` or `scan` depending on backend).
        input_length: not relevant in the TensorFlow implementation.
            Must be specified if using unrolling with Theano.

    # Returns
        A tuple, `(last_output, outputs, new_states)`.

            last_output: the latest output of the rnn, of shape `(samples,...)`
            outputs: tensor with shape `(samples, time,...)` where each
                entry `outputs[s, t]` is the output of the step function
                at time `t` for sample `s`.
            new_states: list of tensors, latest states returned by
                the step function, of shape `(samples,...)`.

    # Raises
        ValueError: if input dimension is less than 3.
        ValueError: if `unroll` is `True` but input timestep is not a fixed number.
        ValueError: if `mask` is provided (not `None`) but states is not provided
            (`len(states)` == 0).
    """"""
    ndim = len(inputs.get_shape())
    if ndim < 3:
        raise ValueError('Input should be at least 3D.')

    # Transpose to time-major, i.e.
    # from (batch, time,...) to (time, batch,...)
    axes = [1, 0] + list(range(2, ndim))
    inputs = tf.transpose(inputs, (axes))

    if mask is not None:
        if mask.dtype!= tf.bool:
            mask = tf.cast(mask, tf.bool)
        if len(mask.get_shape()) == ndim - 1:
            mask = expand_dims(mask)
        mask = tf.transpose(mask, axes)

    if constants is None:
        constants = []

    global uses_learning_phase
    uses_learning_phase = False

    if unroll:
        if not inputs.get_shape()[0]:
            raise ValueError('Unrolling requires a '
                             'fixed number of timesteps.')
        states = initial_states
        successive_states = []
        successive_outputs = []

        input_list = tf.unstack(inputs)
        if go_backwards:
            input_list.reverse()

        if mask is not None:
            mask_list = tf.unstack(mask)
            if go_backwards:
                mask_list.reverse()

            for inp, mask_t in zip(input_list, mask_list):
                output, new_states = step_function(inp, states + constants)
                if getattr(output, '_uses_learning_phase', False):
                    uses_learning_phase = True

                # tf.where needs its condition tensor
                # to be the same shape as its two
                # result tensors, but in our case
                # the condition (mask) tensor is
                # (nsamples, 1), and A and B are (nsamples, ndimensions).
                # So we need to
                # broadcast the mask to match the shape of A and B.
                # That's what the tile call does,
                # it just repeats the mask along its second dimension
                # n times.
                tiled_mask_t = tf.tile(mask_t,
                                       tf.stack([1, tf.shape(output)[1]]))

                if not successive_outputs:
                    prev_output = zeros_like(output)
                else:
                    prev_output = successive_outputs[-1]

                output = tf.where(tiled_mask_t, output, prev_output)

                return_states = []
                for state, new_state in zip(states, new_states):
                    # Correctly calculate the shape to tile the mask for each state
                    state_shape = tf.shape(new_state)
                    tiled_mask_t_state = tf.tile(mask_t, tf.stack([1, state_shape[1]]))
                    return_states.append(tf.where(tiled_mask_t_state, new_state, state))
                states = return_states
                successive_outputs.append(output)
                successive_states.append(states)
            last_output = successive_outputs[-1]
            new_states = successive_states[-1]
            outputs = tf.stack(successive_outputs)
        else:
            for inp in input_list:
                output, states = step_function(inp, states + constants)
                if getattr(output, '_uses_learning_phase', False):
                    uses_learning_phase = True
                successive_outputs.append(output)
                successive_states.append(states)
            last_output = successive_outputs[-1]
            new_states = successive_states[-1]
            outputs = tf.stack(successive_outputs)

    else:
        if go_backwards:
            inputs = reverse(inputs, 0)

        states = tuple(initial_states)

        time_steps = tf.shape(inputs)[0]
        outputs, _ = step_function(inputs[0], initial_states + constants)
        output_ta = tensor_array_ops.TensorArray(
            dtype=outputs.dtype,
            size=time_steps,
            tensor_array_name='output_ta')
        input_ta = tensor_array_ops.TensorArray(
            dtype=inputs.dtype,
            size=time_steps,
            tensor_array_name='input_ta')
        input_ta = input_ta.unstack(inputs)
        time = tf.constant(0, dtype='int32', name='time')

        if mask is not None:
            if not states:
                raise ValueError('No initial states provided! '
                                 'When using masking in an RNN, you should '
                                 'provide initial states '
                                 '(and your step function should return '
                                 'as its first state at time `t` '
                                 'the output at time `t-1`).')
            if go_backwards:
                mask = reverse(mask, 0)

            mask_ta = tensor_array_ops.TensorArray(
                dtype=tf.bool,
                size=time_steps,
                tensor_array_name='mask_ta')
            mask_ta = mask_ta.unstack(mask)

            def _step(time, output_ta_t, *states):
                """"""RNN step function.

                # Arguments
                    time: Current timestep value.
                    output_ta_t: TensorArray.
                    *states: List of states.

                # Returns
                    Tuple: `(time + 1,output_ta_t) + tuple(new_states)`
                """"""
                current_input = input_ta.read(time)
                mask_t = mask_ta.read(time)
                output, new_states = step_function(current_input,
                                                   tuple(states) +
                                                   tuple(constants))
                if getattr(output, '_uses_learning_phase', False):
                    global uses_learning_phase
                    uses_learning_phase = True
                for state, new_state in zip(states, new_states):
                    new_state.set_shape(state.get_shape())
                tiled_mask_t = tf.tile(mask_t,
                                       tf.stack([1, tf.shape(output)[1]]))
                output = tf.where(tiled_mask_t, output, states[0])
                new_states = [tf.where(tf.tile(mask_t, tf.stack([1, tf.shape(new_state)[1]])), new_states[i], states[i]) for i, new_state in enumerate(new_states)]
                output_ta_t = output_ta_t.write(time, output)
                return (time + 1, output_ta_t) + tuple(new_states)
        else:
            def _step(time, output_ta_t, *states):
                """"""RNN step function.

                # Arguments
                    time: Current timestep value.
                    output_ta_t: TensorArray.
                    *states: List of states.

                # Returns
                    Tuple: `(time + 1,output_ta_t) + tuple(new_states)`
                """"""
                current_input = input_ta.read(time)
                output, new_states = step_function(current_input,
                                                   tuple(states) +
                                                   tuple(constants))
                if getattr(output, '_uses_learning_phase', False):
                    global uses_learning_phase
                    uses_learning_phase = True
                for state, new_state in zip(states, new_states):
                    new_state.set_shape(state.get_shape())
                output_ta_t = output_ta_t.write(time, output)
                return (time + 1, output_ta_t) + tuple(new_states)

        final_outputs = control_flow_ops.while_loop(
            cond=lambda time, *_: time < time_steps,
            body=_step,
            loop_vars=(time, output_ta) + states,
            parallel_iterations=32,
            swap_memory=True)
        last_time = final_outputs[0]
        output_ta = final_outputs[1]
        new_states = final_outputs[2:]

        outputs = output_ta.stack()
        last_output = output_ta.read(last_time - 1)

    axes = [1, 0] + list(range(2, len(outputs.get_shape())))
    outputs = tf.transpose(outputs, axes)
    last_output._uses_learning_phase = uses_learning_phase
    return last_output, outputs, new_states
```",
keras-26-vall_llama-8,UNKNOWN,UNKNOWN,"### Corrected Version of the `rnn` Function
```python
def rnn(step_function, inputs, initial_states,
        go_backwards=False, mask=None, constants=None,
        unroll=False, input_length=None):
    """"""Iterates over the time dimension of a tensor.

    # Arguments
        step_function: RNN step function.
            Parameters:
                inputs: tensor with shape `(samples,...)` (no time dimension),
                    representing input for the batch of samples at a certain
                    time step.
                states: list of tensors.
            Returns:
                outputs: tensor with shape `(samples, output_dim)`
                    (no time dimension).
                new_states: list of tensors, same length and shapes
                    as 'states'. The first state in the list must be the
                    output tensor at the previous timestep.
        inputs: tensor of temporal data of shape `(samples, time,...)`
            (at least 3D).
        initial_states: tensor with shape (samples, output_dim)
            (no time dimension),
            containing the initial values for the states used in
            the step function.
        go_backwards: boolean. If True, do the iteration over the time
            dimension in reverse order and return the reversed sequence.
        mask: binary tensor with shape `(samples, time, 1)`,
            with a zero for every element that is masked.
        constants: a list of constant values passed at each step.
        unroll: whether to unroll the RNN or to use a symbolic loop (`while_loop` or `scan` depending on backend).
        input_length: not relevant in the TensorFlow implementation.
            Must be specified if using unrolling with Theano.

    # Returns
        A tuple, `(last_output, outputs, new_states)`.

            last_output: the latest output of the rnn, of shape `(samples,...)`
            outputs: tensor with shape `(samples, time,...)` where each
                entry `outputs[s, t]` is the output of the step function
                at time `t` for sample `s`.
            new_states: list of tensors, latest states returned by
                the step function, of shape `(samples,...)`.

    # Raises
        ValueError: if input dimension is less than 3.
        ValueError: if `unroll` is `True` but input timestep is not a fixed number.
        ValueError: if `mask` is provided (not `None`) but states is not provided
            (`len(states)` == 0).
    """"""
    ndim = len(inputs.get_shape())
    if ndim < 3:
        raise ValueError('Input should be at least 3D.')

    # Transpose to time-major, i.e.
    # from (batch, time,...) to (time, batch,...)
    axes = [1, 0] + list(range(2, ndim))
    inputs = tf.transpose(inputs, (axes))

    if mask is not None:
        if mask.dtype!= tf.bool:
            mask = tf.cast(mask, tf.bool)
        if len(mask.get_shape()) == ndim - 1:
            mask = expand_dims(mask)
        mask = tf.transpose(mask, axes)

    if constants is None:
        constants = []

    global uses_learning_phase
    uses_learning_phase = False

    if unroll:
        if not inputs.get_shape()[0]:
            raise ValueError('Unrolling requires a '
                             'fixed number of timesteps.')
        states = initial_states
        successive_states = []
        successive_outputs = []

        input_list = tf.unstack(inputs)
        if go_backwards:
            input_list.reverse()

        if mask is not None:
            mask_list = tf.unstack(mask)
            if go_backwards:
                mask_list.reverse()

            for inp, mask_t in zip(input_list, mask_list):
                output, new_states = step_function(inp, states + constants)
                if getattr(output, '_uses_learning_phase', False):
                    uses_learning_phase = True

                # corrected mask application to each state
                return_states = []
                for i, (state, new_state) in enumerate(zip(states, new_states)):
                    # tf.where needs its condition tensor
                    # to be the same shape as its two
                    # result tensors, but in our case
                    # the condition (mask) tensor is
                    # (nsamples, 1), and A and B are (nsamples, ndimensions).
                    # So we need to
                    # broadcast the mask to match the shape of A and B.
                    # That's what the tile call does,
                    # it just repeats the mask along its second dimension
                    # n times.
                    tiled_mask_t = tf.tile(mask_t,
                                           tf.stack([1, tf.shape(new_state)[1]]))

                    return_states.append(tf.where(tiled_mask_t, new_state, state))

                states = return_states
                successive_outputs.append(output)
                successive_states.append(states)
            last_output = successive_outputs[-1]
            new_states = successive_states[-1]
            outputs = tf.stack(successive_outputs)
        else:
            for inp in input_list:
                output, states = step_function(inp, states + constants)
                if getattr(output, '_uses_learning_phase', False):
                    uses_learning_phase = True
                successive_outputs.append(output)
                successive_states.append(states)
            last_output = successive_outputs[-1]
            new_states = successive_states[-1]
            outputs = tf.stack(successive_outputs)

    else:
        if go_backwards:
            inputs = reverse(inputs, 0)

        states = tuple(initial_states)

        time_steps = tf.shape(inputs)[0]
        outputs, _ = step_function(inputs[0], initial_states + constants)
        output_ta = tensor_array_ops.TensorArray(
            dtype=outputs.dtype,
            size=time_steps,
            tensor_array_name='output_ta')
        input_ta = tensor_array_ops.TensorArray(
            dtype=inputs.dtype,
            size=time_steps,
            tensor_array_name='input_ta')
        input_ta = input_ta.unstack(inputs)
        time = tf.constant(0, dtype='int32', name='time')

        if mask is not None:
            if not states:
                raise ValueError('No initial states provided! '
                                 'When using masking in an RNN, you should '
                                 'provide initial states '
                                 '(and your step function should return '
                                 'as its first state at time `t` '
                                 'the output at time `t-1`).')
            if go_backwards:
                mask = reverse(mask, 0)

            mask_ta = tensor_array_ops.TensorArray(
                dtype=tf.bool,
                size=time_steps,
                tensor_array_name='mask_ta')
            mask_ta = mask_ta.unstack(mask)

            def _step(time, output_ta_t, *states):
                """"""RNN step function.

                # Arguments
                    time: Current timestep value.
                    output_ta_t: TensorArray.
                    *states: List of states.

                # Returns
                    Tuple: `(time + 1,output_ta_t) + tuple(new_states)`
                """"""
                current_input = input_ta.read(time)
                mask_t = mask_ta.read(time)
                output, new_states = step_function(current_input,
                                                   tuple(states) +
                                                   tuple(constants))
                if getattr(output, '_uses_learning_phase', False):
                    global uses_learning_phase
                    uses_learning_phase = True
                for state, new_state in zip(states, new_states):
                    new_state.set_shape(state.get_shape())
                # corrected mask application to each state
                return_states = []
                for i, (state, new_state) in enumerate(zip(states, new_states)):
                    tiled_mask_t = tf.tile(mask_t,
                                           tf.stack([1, tf.shape(new_state)[1]]))
                    return_states.append(tf.where(tiled_mask_t, new_state, state))
                output_ta_t = output_ta_t.write(time, output)
                return (time + 1, output_ta_t) + tuple(return_states)
        else:
            def _step(time, output_ta_t, *states):
                """"""RNN step function.

                # Arguments
                    time: Current timestep value.
                    output_ta_t: TensorArray.
                    *states: List of states.

                # Returns
                    Tuple: `(time + 1,output_ta_t) + tuple(new_states)`
                """"""
                current_input = input_ta.read(time)
                output, new_states = step_function(current_input,
                                                   tuple(states) +
                                                   tuple(constants))
                if getattr(output, '_uses_learning_phase', False):
                    global uses_learning_phase
                    uses_learning_phase = True
                for state, new_state in zip(states, new_states):
                    new_state.set_shape(state.get_shape())
                output_ta_t = output_ta_t.write(time, output)
                return (time + 1, output_ta_t) + tuple(new_states)

        final_outputs = control_flow_ops.while_loop(
            cond=lambda time, *_: time < time_steps,
            body=_step,
            loop_vars=(time, output_ta) + states,
            parallel_iterations=32,
            swap_memory=True)
        last_time = final_outputs[0]
        output_ta = final_outputs[1]
        new_states = final_outputs[2:]

        outputs = output_ta.stack()
        last_output = output_ta.read(last_time - 1)

    axes = [1, 0] + list(range(2, len(outputs.get_shape())))
    outputs = tf.transpose(outputs, axes)
    last_output._uses_learning_phase = uses_learning_phase
    return last_output, outputs, new_states
```",
keras-26-vall_llama-9,UNKNOWN,UNKNOWN,"```python
def rnn(step_function, inputs, initial_states,
        go_backwards=False, mask=None, constants=None,
        unroll=False, input_length=None):
    """"""Iterates over the time dimension of a tensor.

    # Arguments
        step_function: RNN step function.
            Parameters:
                inputs: tensor with shape `(samples,...)` (no time dimension),
                    representing input for the batch of samples at a certain
                    time step.
                states: list of tensors.
            Returns:
                outputs: tensor with shape `(samples, output_dim)`
                    (no time dimension).
                new_states: list of tensors, same length and shapes
                    as 'states'. The first state in the list must be the
                    output tensor at the previous timestep.
        inputs: tensor of temporal data of shape `(samples, time,...)`
            (at least 3D).
        initial_states: tensor with shape (samples, output_dim)
            (no time dimension),
            containing the initial values for the states used in
            the step function.
        go_backwards: boolean. If True, do the iteration over the time
            dimension in reverse order and return the reversed sequence.
        mask: binary tensor with shape `(samples, time, 1)`,
            with a zero for every element that is masked.
        constants: a list of constant values passed at each step.
        unroll: whether to unroll the RNN or to use a symbolic loop (`while_loop` or `scan` depending on backend).
        input_length: not relevant in the TensorFlow implementation.
            Must be specified if using unrolling with Theano.

    # Returns
        A tuple, `(last_output, outputs, new_states)`.

            last_output: the latest output of the rnn, of shape `(samples,...)`
            outputs: tensor with shape `(samples, time,...)` where each
                entry `outputs[s, t]` is the output of the step function
                at time `t` for sample `s`.
            new_states: list of tensors, latest states returned by
                the step function, of shape `(samples,...)`.

    # Raises
        ValueError: if input dimension is less than 3.
        ValueError: if `unroll` is `True` but input timestep is not a fixed number.
        ValueError: if `mask` is provided (not `None`) but states is not provided
            (`len(states)` == 0).
    """"""
    ndim = len(inputs.get_shape())
    if ndim < 3:
        raise ValueError('Input should be at least 3D.')

    # Transpose to time-major, i.e.
    # from (batch, time,...) to (time, batch,...)
    axes = [1, 0] + list(range(2, ndim))
    inputs = tf.transpose(inputs, (axes))

    if mask is not None:
        if mask.dtype!= tf.bool:
            mask = tf.cast(mask, tf.bool)
        if len(mask.get_shape()) == ndim - 1:
            mask = expand_dims(mask)
        mask = tf.transpose(mask, axes)

    if constants is None:
        constants = []

    global uses_learning_phase
    uses_learning_phase = False

    if unroll:
        if not inputs.get_shape()[0]:
            raise ValueError('Unrolling requires a '
                             'fixed number of timesteps.')
        states = initial_states
        successive_states = []
        successive_outputs = []

        input_list = tf.unstack(inputs)
        if go_backwards:
            input_list.reverse()

        if mask is not None:
            mask_list = tf.unstack(mask)
            if go_backwards:
                mask_list.reverse()

            for inp, mask_t in zip(input_list, mask_list):
                output, new_states = step_function(inp, states + constants)
                if getattr(output, '_uses_learning_phase', False):
                    uses_learning_phase = True

                # tf.where needs its condition tensor
                # to be the same shape as its two
                # result tensors, but in our case
                # the condition (mask) tensor is
                # (nsamples, 1), and A and B are (nsamples, ndimensions).
                # So we need to
                # broadcast the mask to match the shape of A and B.
                # That's what the tile call does,
                # it just repeats the mask along its second dimension
                # n times.
                tiled_mask_t = tf.tile(mask_t,
                                       tf.stack([1, tf.shape(output)[1]]))

                if not successive_outputs:
                    prev_output = zeros_like(output)
                else:
                    prev_output = successive_outputs[-1]

                output = tf.where(tiled_mask_t, output, prev_output)

                return_states = []
                for state, new_state in zip(states, new_states):
                    # (see earlier comment for tile explanation)
                    tiled_mask_t_state = tf.tile(mask_t,
                                                 tf.stack([1, tf.shape(new_state)[1]]))
                    return_states.append(tf.where(tiled_mask_t_state,
                                                  new_state,
                                                  state))
                states = return_states
                successive_outputs.append(output)
                successive_states.append(states)
            last_output = successive_outputs[-1]
            new_states = successive_states[-1]
            outputs = tf.stack(successive_outputs)
        else:
            for inp in input_list:
                output, states = step_function(inp, states + constants)
                if getattr(output, '_uses_learning_phase', False):
                    uses_learning_phase = True
                successive_outputs.append(output)
                successive_states.append(states)
            last_output = successive_outputs[-1]
            new_states = successive_states[-1]
            outputs = tf.stack(successive_outputs)

    else:
        if go_backwards:
            inputs = reverse(inputs, 0)

        states = tuple(initial_states)

        time_steps = tf.shape(inputs)[0]
        outputs, _ = step_function(inputs[0], initial_states + constants)
        output_ta = tensor_array_ops.TensorArray(
            dtype=outputs.dtype,
            size=time_steps,
            tensor_array_name='output_ta')
        input_ta = tensor_array_ops.TensorArray(
            dtype=inputs.dtype,
            size=time_steps,
            tensor_array_name='input_ta')
        input_ta = input_ta.unstack(inputs)
        time = tf.constant(0, dtype='int32', name='time')

        if mask is not None:
            if not states:
                raise ValueError('No initial states provided! '
                                 'When using masking in an RNN, you should '
                                 'provide initial states '
                                 '(and your step function should return '
                                 'as its first state at time `t` '
                                 'the output at time `t-1`).')
            if go_backwards:
                mask = reverse(mask, 0)

            mask_ta = tensor_array_ops.TensorArray(
                dtype=tf.bool,
                size=time_steps,
                tensor_array_name='mask_ta')
            mask_ta = mask_ta.unstack(mask)

            def _step(time, output_ta_t, *states):
                """"""RNN step function.

                # Arguments
                    time: Current timestep value.
                    output_ta_t: TensorArray.
                    *states: List of states.

                # Returns
                    Tuple: `(time + 1,output_ta_t) + tuple(new_states)`
                """"""
                current_input = input_ta.read(time)
                mask_t = mask_ta.read(time)
                output, new_states = step_function(current_input,
                                                   tuple(states) +
                                                   tuple(constants))
                if getattr(output, '_uses_learning_phase', False):
                    global uses_learning_phase
                    uses_learning_phase = True
                for state, new_state in zip(states, new_states):
                    new_state.set_shape(state.get_shape())
                tiled_mask_t = tf.tile(mask_t,
                                       tf.stack([1, tf.shape(output)[1]]))
                output = tf.where(tiled_mask_t, output, states[0])
                new_states = [tf.where(tf.tile(mask_t, tf.stack([1, tf.shape(new_state)[1]])), new_state, state) for state, new_state in zip(states, new_states)]
                output_ta_t = output_ta_t.write(time, output)
                return (time + 1, output_ta_t) + tuple(new_states)
        else:
            def _step(time, output_ta_t, *states):
                """"""RNN step function.

                # Arguments
                    time: Current timestep value.
                    output_ta_t: TensorArray.
                    *states: List of states.

                # Returns
                    Tuple: `(time + 1,output_ta_t) + tuple(new_states)`
                """"""
                current_input = input_ta.read(time)
                output, new_states = step_function(current_input,
                                                   tuple(states) +
                                                   tuple(constants))
                if getattr(output, '_uses_learning_phase', False):
                    global uses_learning_phase
                    uses_learning_phase = True
                for state, new_state in zip(states, new_states):
                    new_state.set_shape(state.get_shape())
                output_ta_t = output_ta_t.write(time, output)
                return (time + 1, output_ta_t) + tuple(new_states)

        final_outputs = control_flow_ops.while_loop(
            cond=lambda time, *_: time < time_steps,
            body=_step,
            loop_vars=(time, output_ta) + states,
            parallel_iterations=32,
            swap_memory=True)
        last_time = final_outputs[0]
        output_ta = final_outputs[1]
        new_states = final_outputs[2:]

        outputs = output_ta.stack()
        last_output = output_ta.read(last_time - 1)

    axes = [1, 0] + list(range(2, len(outputs.get_shape())))
    outputs = tf.transpose(outputs, axes)
    last_output._uses_learning_phase = uses_learning_phase
    return last_output, outputs, new_states
```",
