bug_id,bug_description,buggy_code,patch_diff,tests_pass
matplotlib-21-vall_llama-0,UNKNOWN,UNKNOWN,"### Step-by-step analysis of the problem:
1. **Identified the bug**: The bug involves the incorrect setting of line markers in matplotlibrc leading to unexpected boxplot results. The error occurs when the `lines.marker` parameter is set in matplotlibrc, causing boxplot lines to have markers.

2. **Examined the failing test**: The failing test, `test_boxplot_marker_behavior()`, sets `lines.marker` to `'s'` in matplotlibrc and then checks if the boxplot lines have markers. It fails because the boxplot lines do have markers despite the code attempting to override this with an empty marker.

3. **Traced the issue**: The issue lies in how matplotlib handles default properties and overrides. When `lines.marker` is set in matplotlibrc, it becomes the default for all lines, including those in boxplots.

4. **Fixed the bug**: To fix the bug, the code needs to explicitly override the `marker` property for boxplot lines, ensuring they do not inherit the default marker from `lines.marker` in matplotlibrc.

### Fixed solution:
```python
@cbook._rename_parameter(""3.1"", ""manage_xticks"", ""manage_ticks"")
def bxp(self, bxpstats, positions=None, widths=None, vert=True,
        patch_artist=False, shownotches=False, showmeans=False,
        showcaps=True, showbox=True, showfliers=True,
        boxprops=None, whiskerprops=None, flierprops=None,
        medianprops=None, capprops=None, meanprops=None,
        meanline=False, manage_ticks=True, zorder=None):
   ...
    final_boxprops = line_props_with_rcdefaults('boxprops', boxprops)
    final_whiskerprops = line_props_with_rcdefaults(
        'whiskerprops', whiskerprops)
    final_capprops = line_props_with_rcdefaults(
        'capprops', capprops)
    use_marker = meanline or showmeans
    # Explicitly override marker for non-mean lines
    if not use_marker:
        final_boxprops['marker'] = ''
        final_whiskerprops['marker'] = ''
        final_capprops['marker'] = ''
        final_medianprops['marker'] = ''
   ...
```

### Explanation of changes:
*   **Added explicit marker override**: For lines that are not means, we explicitly set the `marker` property to an empty string (`''`) to prevent them from inheriting the default marker from `lines.marker` in matplotlibrc.
*   **Introduced `use_marker` flag**: A flag to determine whether the line represents a mean or not. This helps in deciding whether to override the marker.
*   **Modified line property dicts**: Updated the property dictionaries for box, whisker, cap, and median lines to include the empty marker override when necessary.

### Tests and example uses:
The provided test `test_boxplot_marker_behavior()` can serve as an example use case. After applying the fix, this test should pass, indicating that the bug has been successfully resolved. The test case covers the scenario where `lines.marker` is set in matplotlibrc, and it checks that boxplot lines do not have markers unless explicitly set.",
matplotlib-21-vall_llama-1,UNKNOWN,UNKNOWN,"```python
@cbook._rename_parameter(""3.1"", ""manage_xticks"", ""manage_ticks"")
def bxp(self, bxpstats, positions=None, widths=None, vert=True,
        patch_artist=False, shownotches=False, showmeans=False,
        showcaps=True, showbox=True, showfliers=True,
        boxprops=None, whiskerprops=None, flierprops=None,
        medianprops=None, capprops=None, meanprops=None,
        meanline=False, manage_ticks=True, zorder=None):
    use_marker = False
    
    # lists of artists to be output
    whiskers = []
    caps = []
    boxes = []
    medians = []
    means = []
    fliers = []

    # empty list of xticklabels
    datalabels = []

    # Use default zorder if none specified
    if zorder is None:
        zorder = mlines.Line2D.zorder

    zdelta = 0.1

    def line_props_with_rcdefaults(subkey, explicit, zdelta=0):
        d = {k.split('.')[-1]: v for k, v in rcParams.items()
             if k.startswith(f'boxplot.{subkey}')}
        d['zorder'] = zorder + zdelta
        if explicit is not None:
            d.update(
                cbook.normalize_kwargs(explicit, mlines.Line2D._alias_map))
        return d

    # box properties
    if patch_artist:
        final_boxprops = dict(
            linestyle=rcParams['boxplot.boxprops.linestyle'],
            linewidth=rcParams['boxplot.boxprops.linewidth'],
            edgecolor=rcParams['boxplot.boxprops.color'],
            facecolor=('white' if rcParams['_internal.classic_mode'] else
                       rcParams['patch.facecolor']),
            zorder=zorder,
            marker=''
        )
        if boxprops is not None:
            final_boxprops.update(
                cbook.normalize_kwargs(
                    boxprops, mpatches.PathPatch._alias_map))
    else:
        final_boxprops = line_props_with_rcdefaults('boxprops', boxprops)
        final_boxprops['marker'] = ''

    final_whiskerprops = line_props_with_rcdefaults(
        'whiskerprops', whiskerprops)
    final_whiskerprops['marker'] = ''

    final_capprops = line_props_with_rcdefaults(
        'capprops', capprops)
    final_capprops['marker'] = ''

    final_flierprops = line_props_with_rcdefaults(
        'flierprops', flierprops)
    final_medianprops = line_props_with_rcdefaults(
        'medianprops', medianprops, zdelta)
    final_medianprops['marker'] = ''
    final_meanprops = line_props_with_rcdefaults(
        'meanprops', meanprops, zdelta)
    removed_prop = 'marker' if meanline else 'linestyle'
    # Only remove the property if it's not set explicitly as a parameter.
    if meanprops is None or removed_prop not in meanprops:
        final_meanprops[removed_prop] = ''

    def to_vc(xs, ys):
        # convert arguments to verts and codes, append (0, 0) (ignored).
        verts = np.append(np.column_stack([xs, ys]), [(0, 0)], 0)
        codes = ([mpath.Path.MOVETO]
                 + [mpath.Path.LINETO] * (len(verts) - 2)
                 + [mpath.Path.CLOSEPOLY])
        return verts, codes

    def patch_list(xs, ys, **kwargs):
        verts, codes = to_vc(xs, ys)
        path = mpath.Path(verts, codes)
        patch = mpatches.PathPatch(path, **kwargs)
        self.add_artist(patch)
        return [patch]

    # vertical or horizontal plot?
    if vert:
        def doplot(*args, **kwargs):
            return self.plot(*args, **kwargs)

        def dopatch(xs, ys, **kwargs):
            return patch_list(xs, ys, **kwargs)

    else:
        def doplot(*args, **kwargs):
            shuffled = []
            for i in range(0, len(args), 2):
                shuffled.extend([args[i + 1], args[i]])
            return self.plot(*shuffled, **kwargs)

        def dopatch(xs, ys, **kwargs):
            xs, ys = ys, xs  # flip X, Y
            return patch_list(xs, ys, **kwargs)

    # input validation
    N = len(bxpstats)
    datashape_message = (""List of boxplot statistics and `{0}` values must have same the length"")
    # check position
    if positions is None:
        positions = list(range(1, N + 1))
    elif len(positions)!= N:
        raise ValueError(datashape_message.format(""positions""))

    positions = np.array(positions)
    if len(positions) > 0 and not isinstance(positions[0], Number):
        raise TypeError(""positions should be an iterable of numbers"")

    # width
    if widths is None:
        widths = [np.clip(0.15 * np.ptp(positions), 0.15, 0.5)] * N
    elif np.isscalar(widths):
        widths = [widths] * N
    elif len(widths)!= N:
        raise ValueError(datashape_message.format(""widths""))

    for pos, width, stats in zip(positions, widths, bxpstats):
        # try to find a new label
        datalabels.append(stats.get('label', pos))

        # whisker coords
        whisker_x = np.ones(2) * pos
        whiskerlo_y = np.array([stats['q1'], stats['whislo']])
        whiskerhi_y = np.array([stats['q3'], stats['whishi']])

        # cap coords
        cap_left = pos - width * 0.25
        cap_right = pos + width * 0.25
        cap_x = np.array([cap_left, cap_right])
        cap_lo = np.ones(2) * stats['whislo']
        cap_hi = np.ones(2) * stats['whishi']

        # box and median coords
        box_left = pos - width * 0.5
        box_right = pos + width * 0.5
        med_y = [stats['med'], stats['med']]

        # notched boxes
        if shownotches:
            box_x = [box_left, box_right, box_right, cap_right, box_right,
                     box_right, box_left, box_left, cap_left, box_left,
                     box_left]
            box_y = [stats['q1'], stats['q1'], stats['cilo'],
                     stats['med'], stats['cihi'], stats['q3'],
                     stats['q3'], stats['cihi'], stats['med'],
                     stats['cilo'], stats['q1']]
            med_x = cap_x

        # plain boxes
        else:
            box_x = [box_left, box_right, box_right, box_left, box_left]
            box_y = [stats['q1'], stats['q1'], stats['q3'], stats['q3'],
                     stats['q1']]
            med_x = [box_left, box_right]

        # maybe draw the box:
        if showbox:
            if patch_artist:
                boxes.extend(dopatch(box_x, box_y, **final_boxprops))
            else:
                boxes.extend(doplot(box_x, box_y, **final_boxprops))

        # draw the whiskers
        whiskers.extend(doplot(
            whisker_x, whiskerlo_y, **final_whiskerprops
        ))
        whiskers.extend(doplot(
            whisker_x, whiskerhi_y, **final_whiskerprops
        ))

        # maybe draw the caps:
        if showcaps:
            caps.extend(doplot(cap_x, cap_lo, **final_capprops))
            caps.extend(doplot(cap_x, cap_hi, **final_capprops))

        # draw the medians
        medians.extend(doplot(med_x, med_y, **final_medianprops))

        # maybe draw the means
        if showmeans:
            if meanline:
                means.extend(doplot(
                    [box_left, box_right], [stats['mean'], stats['mean']],
                    **final_meanprops
                ))
            else:
                means.extend(doplot(
                    [pos], [stats['mean']], **final_meanprops
                ))

        # maybe draw the fliers
        if showfliers:
            # fliers coords
            flier_x = np.full(len(stats['fliers']), pos, dtype=np.float64)
            flier_y = stats['fliers']

            fliers.extend(doplot(
                flier_x, flier_y, **final_flierprops
            ))

    if manage_ticks:
        axis_name = ""x"" if vert else ""y""
        interval = getattr(self.dataLim, f""interval{axis_name}"")
        axis = getattr(self, f""{axis_name}axis"")
        positions = axis.convert_units(positions)
        # The 0.5 additional padding ensures reasonable-looking boxes
        # even when drawing a single box.  We set the sticky edge to
        # prevent margins expansion, in order to match old behavior (back
        # when separate calls to boxplot() would completely reset the axis
        # limits regardless of what was drawn before).  The sticky edges
        # are attached to the median lines, as they are always present.
        interval[:] = (min(interval[0], min(positions) -.5),
                       max(interval[1], max(positions) +.5))
        for median, position in zip(medians, positions):
            getattr(median.sticky_edges, axis_name).extend(
                [position -.5, position +.5])
        # Modified from Axis.set_ticks and Axis.set_ticklabels.
        locator = axis.get_major_locator()
        if not isinstance(axis.get_major_locator(),
                          mticker.FixedLocator):
            locator = mticker.FixedLocator([])
            axis.set_major_locator(locator)
        locator.locs = np.array([*locator.locs, *positions])
        formatter = axis.get_major_formatter()
        if not isinstance(axis.get_major_formatter(),
                          mticker.FixedFormatter):
            formatter = mticker.FixedFormatter([])
            axis.set_major_formatter(formatter)
        formatter.seq = [*formatter.seq, *datalabels]

        self._request_autoscale_view(
            scalex=self._autoscaleXon, scaley=self._autoscaleYon)

    return dict(whiskers=whiskers, caps=caps, boxes=boxes,
                medians=medians, fliers=fliers, means=means)
```",
matplotlib-21-vall_llama-2,UNKNOWN,UNKNOWN,"### Step-by-step analysis of the problem:
1. **Understanding the issue**: The bug arises from the way markers are handled in the boxplot function. When the `lines.marker` parameter is set in the matplotlibrc file, it also affects the markers in the boxplot, which is not the desired behavior.
2. **Identifying the problematic code**: The issue lies in the `line_props_with_rcdefaults` function, which generates the line properties based on the rcParams. The `marker` property is not being overridden for the boxplot components (whiskers, caps, boxes, medians).
3. **Determining the fix**: To fix this issue, we need to ensure that the `marker` property is set to an empty string (`''`) for the boxplot components, unless explicitly specified otherwise.

### Fixed solution:
```python
def bxp(self, bxpstats, positions=None, widths=None, vert=True,
        patch_artist=False, shownotches=False, showmeans=False,
        showcaps=True, showbox=True, showfliers=True,
        boxprops=None, whiskerprops=None, flierprops=None,
        medianprops=None, capprops=None, meanprops=None,
        meanline=False, manage_ticks=True, zorder=None):
    """"""
    Drawing function for box and whisker plots.

   ... (rest of the docstring remains the same)

    """"""
    # lists of artists to be output
    whiskers = []
    caps = []
    boxes = []
    medians = []
    means = []
    fliers = []

    # empty list of xticklabels
    datalabels = []

    # Use default zorder if none specified
    if zorder is None:
        zorder = mlines.Line2D.zorder

    zdelta = 0.1

    def line_props_with_rcdefaults(subkey, explicit, zdelta=0):
        d = {k.split('.')[-1]: v for k, v in rcParams.items()
             if k.startswith(f'boxplot.{subkey}')}
        d['zorder'] = zorder + zdelta
        if explicit is not None:
            d.update(
                cbook.normalize_kwargs(explicit, mlines.Line2D._alias_map))
        # Override marker property to empty string unless explicitly set
        if 'marker' not in explicit:
            d['marker'] = ''
        return d

    # box properties
    if patch_artist:
        final_boxprops = dict(
            linestyle=rcParams['boxplot.boxprops.linestyle'],
            linewidth=rcParams['boxplot.boxprops.linewidth'],
            edgecolor=rcParams['boxplot.boxprops.color'],
            facecolor=('white' if rcParams['_internal.classic_mode'] else
                       rcParams['patch.facecolor']),
            zorder=zorder,
        )
        if boxprops is not None:
            final_boxprops.update(
                cbook.normalize_kwargs(
                    boxprops, mpatches.PathPatch._alias_map))
    else:
        final_boxprops = line_props_with_rcdefaults('boxprops', boxprops)
    final_whiskerprops = line_props_with_rcdefaults(
        'whiskerprops', whiskerprops)
    final_capprops = line_props_with_rcdefaults(
        'capprops', capprops)
    final_flierprops = line_props_with_rcdefaults(
        'flierprops', flierprops)
    final_medianprops = line_props_with_rcdefaults(
        'medianprops', medianprops, zdelta)
    final_meanprops = line_props_with_rcdefaults(
        'meanprops', meanprops, zdelta)
    if meanline:
        if meanprops is None or 'marker' not in meanprops:
            final_meanprops['marker'] = 'None'
        final_meanprops['linestyle'] = '-'
    else:
        if meanprops is None or 'marker' not in meanprops:
            final_meanprops['marker'] = 'None'

    #... (rest of the function remains the same)
```

### Explanation of changes:
*   **Override marker property**: In the `line_props_with_rcdefaults` function, we override the `marker` property to an empty string (`''`) unless it is explicitly set in the `explicit` dictionary.
*   **Update meanprops**: We also update the `meanprops` to set the `marker` property to `None` if it is not explicitly set, and set the `linestyle` to `-` if `meanline` is `True`.
*   **Check for explicit marker**: Before overriding the `marker` property, we check if it is already set in the `explicit` dictionary to avoid overwriting user-specified values.

### Tests and example uses:
You can test the fixed solution using the provided test function `test_boxplot_marker_behavior`. The test should pass without any errors or failures.

```python
def test_boxplot_marker_behavior():
    plt.rcParams['lines.marker'] = 's'
    plt.rcParams['boxplot.flierprops.marker'] = 'o'
    plt.rcParams['boxplot.meanprops.marker'] = '^'
    fig, ax = plt.subplots()
    test_data = np.arange(100)
    test_data[-1] = 150  # a flier point
    bxp_handle = ax.boxplot(test_data, showmeans=True)
    for bxp_lines in ['whiskers', 'caps', 'boxes', 'medians']:
        for each_line in bxp_handle[bxp_lines]:
            # Ensure that the rcParams['lines.marker'] is overridden by ''
            assert each_line.get_marker() == ''

    # Ensure that markers for fliers and means aren't overridden with ''
    assert bxp_handle['fliers'][0].get_marker() == 'o'
    assert bxp_handle['means'][0].get_marker() == '^'
```

This test function checks that the `marker` property is correctly overridden for the boxplot components and that user-specified markers for fliers and means are preserved.",
matplotlib-21-vall_llama-3,UNKNOWN,UNKNOWN,"```python
@cbook._rename_parameter(""3.1"", ""manage_xticks"", ""manage_ticks"")
def bxp(self, bxpstats, positions=None, widths=None, vert=True,
        patch_artist=False, shownotches=False, showmeans=False,
        showcaps=True, showbox=True, showfliers=True,
        boxprops=None, whiskerprops=None, flierprops=None,
        medianprops=None, capprops=None, meanprops=None,
        meanline=False, manage_ticks=True, zorder=None):
    """"""
    Drawing function for box and whisker plots.

    Make a box and whisker plot for each column of *x* or each
    vector in sequence *x*.  The box extends from the lower to
    upper quartile values of the data, with a line at the median.
    The whiskers extend from the box to show the range of the
    data.  Flier points are those past the end of the whiskers.

    Parameters
    ----------
    bxpstats : list of dicts
      A list of dictionaries containing stats for each boxplot.
      Required keys are:

      - ``med``: The median (scalar float).

      - ``q1``: The first quartile (25th percentile) (scalar
        float).

      - ``q3``: The third quartile (75th percentile) (scalar
        float).

      - ``whislo``: Lower bound of the lower whisker (scalar
        float).

      - ``whishi``: Upper bound of the upper whisker (scalar
        float).

      Optional keys are:

      - ``mean``: The mean (scalar float). Needed if
        ``showmeans=True``.

      - ``fliers``: Data beyond the whiskers (sequence of floats).
        Needed if ``showfliers=True``.

      - ``cilo`` & ``cihi``: Lower and upper confidence intervals
        about the median. Needed if ``shownotches=True``.

      - ``label``: Name of the dataset (string). If available,
        this will be used a tick label for the boxplot

    positions : array-like, default: [1, 2,..., n]
      Sets the positions of the boxes. The ticks and limits
      are automatically set to match the positions.

    widths : array-like, default: None
      Either a scalar or a vector and sets the width of each
      box. The default is ``0.15*(distance between extreme
      positions)``, clipped to no less than 0.15 and no more than
      0.5.

    vert : bool, default: True
      If `True` (default), makes the boxes vertical.  If `False`,
      makes horizontal boxes.

    patch_artist : bool, default: False
      If `False` produces boxes with the `.Line2D` artist.
      If `True` produces boxes with the `~matplotlib.patches.Patch` artist.

    shownotches : bool, default: False
      If `False` (default), produces a rectangular box plot.
      If `True`, will produce a notched box plot

    showmeans : bool, default: False
      If `True`, will toggle on the rendering of the means

    showcaps  : bool, default: True
      If `True`, will toggle on the rendering of the caps

    showbox  : bool, default: True
      If `True`, will toggle on the rendering of the box

    showfliers : bool, default: True
      If `True`, will toggle on the rendering of the fliers

    boxprops : dict or None (default)
      If provided, will set the plotting style of the boxes

    whiskerprops : dict or None (default)
      If provided, will set the plotting style of the whiskers

    capprops : dict or None (default)
      If provided, will set the plotting style of the caps

    flierprops : dict or None (default)
      If provided will set the plotting style of the fliers

    medianprops : dict or None (default)
      If provided, will set the plotting style of the medians

    meanprops : dict or None (default)
      If provided, will set the plotting style of the means

    meanline : bool, default: False
      If `True` (and *showmeans* is `True`), will try to render the mean
      as a line spanning the full width of the box according to
      *meanprops*. Not recommended if *shownotches* is also True.
      Otherwise, means will be shown as points.

    manage_ticks : bool, default: True
      If True, the tick locations and labels will be adjusted to match the
      boxplot positions.

    zorder : scalar, default: None
      The zorder of the resulting boxplot.

    Returns
    -------
    result : dict
      A dictionary mapping each component of the boxplot to a list
      of the `.Line2D` instances created. That dictionary has the
      following keys (assuming vertical boxplots):

      - ``boxes``: the main body of the boxplot showing the
        quartiles and the median's confidence intervals if
        enabled.

      - ``medians``: horizontal lines at the median of each box.

      - ``whiskers``: the vertical lines extending to the most
        extreme, non-outlier data points.

      - ``caps``: the horizontal lines at the ends of the
        whiskers.

      - ``fliers``: points representing data that extend beyond
        the whiskers (fliers).

      - ``means``: points or lines representing the means.

    Examples
    --------
   .. plot:: gallery/statistics/bxp.py

    """"""
    # lists of artists to be output
    whiskers = []
    caps = []
    boxes = []
    medians = []
    means = []
    fliers = []

    # empty list of xticklabels
    datalabels = []
    use_marker = False

    # Use default zorder if none specified
    if zorder is None:
        zorder = mlines.Line2D.zorder

    zdelta = 0.1

    def line_props_with_rcdefaults(subkey, explicit, zdelta=0):
        d = {k.split('.')[-1]: v for k, v in rcParams.items()
             if k.startswith(f'boxplot.{subkey}')}
        d['zorder'] = zorder + zdelta
        if explicit is not None:
            d.update(
                cbook.normalize_kwargs(explicit, mlines.Line2D._alias_map))
        return d

    # box properties
    if patch_artist:
        final_boxprops = dict(
            linestyle=rcParams['boxplot.boxprops.linestyle'],
            linewidth=rcParams['boxplot.boxprops.linewidth'],
            edgecolor=rcParams['boxplot.boxprops.color'],
            facecolor=('white' if rcParams['_internal.classic_mode'] else
                       rcParams['patch.facecolor']),
            zorder=zorder,
        )
        if boxprops is not None:
            final_boxprops.update(
                cbook.normalize_kwargs(
                    boxprops, mpatches.PathPatch._alias_map))
    else:
        final_boxprops_base = line_props_with_rcdefaults('boxprops', None)
        if final_boxprops_base.get('marker', '')!= '':
            final_boxprops_base['marker'] = ''
        use_marker = 'boxprops' not in boxprops
        final_boxprops = final_boxprops_base
        if boxprops is not None:
            if use_marker:
                final_boxprops['marker'] = ''
            final_boxprops.update(
                cbook.normalize_kwargs(boxprops, mlines.Line2D._alias_map))
    final_whiskerprops = line_props_with_rcdefaults(
        'whiskerprops', whiskerprops)
    final_whiskerprops['marker'] = ''
    final_capprops = line_props_with_rcdefaults(
        'capprops', capprops)
    final_capprops['marker'] = ''
    final_flierprops = line_props_with_rcdefaults(
        'flierprops', flierprops)
    final_medianprops = line_props_with_rcdefaults(
        'medianprops', medianprops, zdelta)
    final_medianprops['marker'] = ''
    final_meanprops = line_props_with_rcdefaults(
        'meanprops', meanprops, zdelta)

    def to_vc(xs, ys):
        # convert arguments to verts and codes, append (0, 0) (ignored).
        verts = np.append(np.column_stack([xs, ys]), [(0, 0)], 0)
        codes = ([mpath.Path.MOVETO]
                 + [mpath.Path.LINETO] * (len(verts) - 2)
                 + [mpath.Path.CLOSEPOLY])
        return verts, codes

    def patch_list(xs, ys, **kwargs):
        verts, codes = to_vc(xs, ys)
        path = mpath.Path(verts, codes)
        patch = mpatches.PathPatch(path, **kwargs)
        self.add_artist(patch)
        return [patch]

    # vertical or horizontal plot?
    if vert:
        def doplot(*args, **kwargs):
            if use_marker:
                kwargs['marker'] = ''
            return self.plot(*args, **kwargs)

        def dopatch(xs, ys, **kwargs):
            return patch_list(xs, ys, **kwargs)

    else:
        def doplot(*args, **kwargs):
            shuffled = []
            for i in range(0, len(args), 2):
                shuffled.extend([args[i + 1], args[i]])
            if use_marker:
                kwargs['marker'] = ''
            return self.plot(*shuffled, **kwargs)

        def dopatch(xs, ys, **kwargs):
            xs, ys = ys, xs  # flip X, Y
            return patch_list(xs, ys, **kwargs)

    # input validation
    N = len(bxpstats)
    datashape_message = (""List of boxplot statistics and `{0}` ""
                         ""values must have same the length"")
    # check position
    if positions is None:
        positions = list(range(1, N + 1))
    elif len(positions)!= N:
        raise ValueError(datashape_message.format(""positions""))

    positions = np.array(positions)
    if len(positions) > 0 and not isinstance(positions[0], Number):
        raise TypeError(""positions should be an iterable of numbers"")

    # width
    if widths is None:
        widths = [np.clip(0.15 * np.ptp(positions), 0.15, 0.5)] * N
    elif np.isscalar(widths):
        widths = [widths] * N
    elif len(widths)!= N:
        raise ValueError(datashape_message.format(""widths""))

    for pos, width, stats in zip(positions, widths, bxpstats):
        # try to find a new label
        datalabels.append(stats.get('label', pos))

        # whisker coords
        whisker_x = np.ones(2) * pos
        whiskerlo_y = np.array([stats['q1'], stats['whislo']])
        whiskerhi_y = np.array([stats['q3'], stats['whishi']])

        # cap coords
        cap_left = pos - width * 0.25
        cap_right = pos + width * 0.25
        cap_x = np.array([cap_left, cap_right])
        cap_lo = np.ones(2) * stats['whislo']
        cap_hi = np.ones(2) * stats['whishi']

        # box and median coords
        box_left = pos - width * 0.5
        box_right = pos + width * 0.5
        med_y = [stats['med'], stats['med']]

        # notched boxes
        if shownotches:
            box_x = [box_left, box_right, box_right, cap_right, box_right,
                     box_right, box_left, box_left, cap_left, box_left,
                     box_left]
            box_y = [stats['q1'], stats['q1'], stats['cilo'],
                     stats['med'], stats['cihi'], stats['q3'],
                     stats['q3'], stats['cihi'], stats['med'],
                     stats['cilo'], stats['q1']]
            med_x = cap_x

        # plain boxes
        else:
            box_x = [box_left, box_right, box_right, box_left, box_left]
            box_y = [stats['q1'], stats['q1'], stats['q3'], stats['q3'],
                     stats['q1']]
            med_x = [box_left, box_right]

        # maybe draw the box:
        if showbox:
            if patch_artist:
                boxes.extend(dopatch(box_x, box_y, **final_boxprops))
            else:
                boxes.extend(doplot(box_x, box_y, **final_boxprops))

        # draw the whiskers
        whiskers.extend(doplot(
            whisker_x, whiskerlo_y, **final_whiskerprops
        ))
        whiskers.extend(doplot(
            whisker_x, whiskerhi_y, **final_whiskerprops
        ))

        # maybe draw the caps:
        if showcaps:
            caps.extend(doplot(cap_x, cap_lo, **final_capprops))
            caps.extend(doplot(cap_x, cap_hi, **final_capprops))

        # draw the medians
        medians.extend(doplot(med_x, med_y, **final_medianprops))

        # maybe draw the means
        if showmeans:
            if meanline:
                means.extend(doplot(
                    [box_left, box_right], [stats['mean'], stats['mean']],
                    **final_meanprops
                ))
            else:
                means.extend(doplot(
                    [pos], [stats['mean']], **final_meanprops
                ))

        # maybe draw the fliers
        if showfliers:
            # fliers coords
            flier_x = np.full(len(stats['fliers']), pos, dtype=np.float64)
            flier_y = stats['fliers']

            fliers.extend(doplot(
                flier_x, flier_y, **final_flierprops
            ))

    if manage_ticks:
        axis_name = ""x"" if vert else ""y""
        interval = getattr(self.dataLim, f""interval{axis_name}"")
        axis = getattr(self, f""{axis_name}axis"")
        positions = axis.convert_units(positions)
        # The 0.5 additional padding ensures reasonable-looking boxes
        # even when drawing a single box.  We set the sticky edge to
        # prevent margins expansion, in order to match old behavior (back
        # when separate calls to boxplot() would completely reset the axis
        # limits regardless of what was drawn before).  The sticky edges
        # are attached to the median lines, as they are always present.
        interval[:] = (min(interval[0], min(positions) -.5),
                       max(interval[1], max(positions) +.5))
        for median, position in zip(medians, positions):
            getattr(median.sticky_edges, axis_name).extend(
                [position -.5, position +.5])
        # Modified from Axis.set_ticks and Axis.set_ticklabels.
        locator = axis.get_major_locator()
        if not isinstance(axis.get_major_locator(),
                          mticker.FixedLocator):
            locator = mticker.FixedLocator([])
            axis.set_major_locator(locator)
        locator.locs = np.array([*locator.locs, *positions])
        formatter = axis.get_major_formatter()
        if not isinstance(axis.get_major_formatter(),
                          mticker.FixedFormatter):
            formatter = mticker.FixedFormatter([])
            axis.set_major_formatter(formatter)
        formatter.seq = [*formatter.seq, *datalabels]

        self._request_autoscale_view(
            scalex=self._autoscaleXon, scaley=self._autoscaleYon)

    return dict(whiskers=whiskers, caps=caps, boxes=boxes,
                medians=medians, fliers=fliers, means=means)
```",
matplotlib-21-vall_llama-4,UNKNOWN,UNKNOWN,"```python
@cbook._rename_parameter(""3.1"", ""manage_xticks"", ""manage_ticks"")
def bxp(self, bxpstats, positions=None, widths=None, vert=True,
        patch_artist=False, shownotches=False, showmeans=False,
        showcaps=True, showbox=True, showfliers=True,
        boxprops=None, whiskerprops=None, flierprops=None,
        medianprops=None, capprops=None, meanprops=None,
        meanline=False, manage_ticks=True, zorder=None):
    """"""
    Drawing function for box and whisker plots.

    Make a box and whisker plot for each column of *x* or each
    vector in sequence *x*.  The box extends from the lower to
    upper quartile values of the data, with a line at the median.
    The whiskers extend from the box to show the range of the
    data.  Flier points are those past the end of the whiskers.

    Parameters
    ----------
    bxpstats : list of dicts
      A list of dictionaries containing stats for each boxplot.
      Required keys are:

      - ``med``: The median (scalar float).

      - ``q1``: The first quartile (25th percentile) (scalar
        float).

      - ``q3``: The third quartile (75th percentile) (scalar
        float).

      - ``whislo``: Lower bound of the lower whisker (scalar
        float).

      - ``whishi``: Upper bound of the upper whisker (scalar
        float).

      Optional keys are:

      - ``mean``: The mean (scalar float). Needed if
        ``showmeans=True``.

      - ``fliers``: Data beyond the whiskers (sequence of floats).
        Needed if ``showfliers=True``.

      - ``cilo`` & ``cihi``: Lower and upper confidence intervals
        about the median. Needed if ``shownotches=True``.

      - ``label``: Name of the dataset (string). If available,
        this will be used a tick label for the boxplot

    positions : array-like, default: [1, 2,..., n]
      Sets the positions of the boxes. The ticks and limits
      are automatically set to match the positions.

    widths : array-like, default: None
      Either a scalar or a vector and sets the width of each
      box. The default is ``0.15*(distance between extreme
      positions)``, clipped to no less than 0.15 and no more than
      0.5.

    vert : bool, default: True
      If `True` (default), makes the boxes vertical.  If `False`,
      makes horizontal boxes.

    patch_artist : bool, default: False
      If `False` produces boxes with the `.Line2D` artist.
      If `True` produces boxes with the `~matplotlib.patches.Patch` artist.

    shownotches : bool, default: False
      If `False` (default), produces a rectangular box plot.
      If `True`, will produce a notched box plot

    showmeans : bool, default: False
      If `True`, will toggle on the rendering of the means

    showcaps  : bool, default: True
      If `True`, will toggle on the rendering of the caps

    showbox  : bool, default: True
      If `True`, will toggle on the rendering of the box

    showfliers : bool, default: True
      If `True`, will toggle on the rendering of the fliers

    boxprops : dict or None (default)
      If provided, will set the plotting style of the boxes

    whiskerprops : dict or None (default)
      If provided, will set the plotting style of the whiskers

    capprops : dict or None (default)
      If provided, will set the plotting style of the caps

    flierprops : dict or None (default)
      If provided will set the plotting style of the fliers

    medianprops : dict or None (default)
      If provided, will set the plotting style of the medians

    meanprops : dict or None (default)
      If provided, will set the plotting style of the means

    meanline : bool, default: False
      If `True` (and *showmeans* is `True`), will try to render the mean
      as a line spanning the full width of the box according to
      *meanprops*. Not recommended if *shownotches* is also True.
      Otherwise, means will be shown as points.

    manage_ticks : bool, default: True
      If True, the tick locations and labels will be adjusted to match the
      boxplot positions.

    zorder : scalar, default: None
      The zorder of the resulting boxplot.

    Returns
    -------
    result : dict
      A dictionary mapping each component of the boxplot to a list
      of the `.Line2D` instances created. That dictionary has the
      following keys (assuming vertical boxplots):

      - ``boxes``: the main body of the boxplot showing the
        quartiles and the median's confidence intervals if
        enabled.

      - ``medians``: horizontal lines at the median of each box.

      - ``whiskers``: the vertical lines extending to the most
        extreme, non-outlier data points.

      - ``caps``: the horizontal lines at the ends of the
        whiskers.

      - ``fliers``: points representing data that extend beyond
        the whiskers (fliers).

      - ``means``: points or lines representing the means.

    Examples
    --------
   .. plot:: gallery/statistics/bxp.py

    """"""
    # lists of artists to be output
    whiskers = []
    caps = []
    boxes = []
    medians = []
    means = []
    fliers = []

    # empty list of xticklabels
    datalabels = []

    # Use default zorder if none specified
    if zorder is None:
        zorder = mlines.Line2D.zorder

    zdelta = 0.1

    def line_props_with_rcdefaults(subkey, explicit, zdelta=0):
        d = {k.split('.')[-1]: v for k, v in rcParams.items()
             if k.startswith(f'boxplot.{subkey}')}
        d['zorder'] = zorder + zdelta
        if explicit is not None:
            d.update(
                cbook.normalize_kwargs(explicit, mlines.Line2D._alias_map))
        return d

    # Determine whether to use a marker for each line artist
    use_marker = False

    # box properties
    if patch_artist:
        final_boxprops = dict(
            linestyle=rcParams['boxplot.boxprops.linestyle'],
            linewidth=rcParams['boxplot.boxprops.linewidth'],
            edgecolor=rcParams['boxplot.boxprops.color'],
            facecolor=('white' if rcParams['_internal.classic_mode'] else
                       rcParams['patch.facecolor']),
            zorder=zorder,
        )
        if boxprops is not None:
            final_boxprops.update(
                cbook.normalize_kwargs(
                    boxprops, mpatches.PathPatch._alias_map))
    else:
        final_boxprops = line_props_with_rcdefaults('boxprops', boxprops)
        if 'marker' not in final_boxprops:
            use_marker = True
        final_boxprops['marker'] = ''
    final_whiskerprops = line_props_with_rcdefaults(
        'whiskerprops', whiskerprops)
    final_capprops = line_props_with_rcdefaults(
        'capprops', capprops)
    final_flierprops = line_props_with_rcdefaults(
        'flierprops', flierprops)
    final_medianprops = line_props_with_rcdefaults(
        'medianprops', medianprops, zdelta)
    final_meanprops = line_props_with_rcdefaults(
        'meanprops', meanprops, zdelta)
    removed_prop = 'marker' if meanline else 'linestyle'
    # Only remove the property if it's not set explicitly as a parameter.
    if meanprops is None or removed_prop not in meanprops:
        final_meanprops[removed_prop] = ''

    def to_vc(xs, ys):
        # convert arguments to verts and codes, append (0, 0) (ignored).
        verts = np.append(np.column_stack([xs, ys]), [(0, 0)], 0)
        codes = ([mpath.Path.MOVETO]
                 + [mpath.Path.LINETO] * (len(verts) - 2)
                 + [mpath.Path.CLOSEPOLY])
        return verts, codes

    def patch_list(xs, ys, **kwargs):
        verts, codes = to_vc(xs, ys)
        path = mpath.Path(verts, codes)
        patch = mpatches.PathPatch(path, **kwargs)
        self.add_artist(patch)
        return [patch]

    # vertical or horizontal plot?
    if vert:
        def doplot(*args, **kwargs):
            if 'marker' in kwargs and use_marker:
                kwargs['marker'] = ''
            return self.plot(*args, **kwargs)

        def dopatch(xs, ys, **kwargs):
            verts, codes = to_vc(xs, ys)
            path = mpath.Path(verts, codes)
            patch = mpatches.PathPatch(path, **kwargs)
            self.add_artist(patch)
            return [patch]

    else:
        def doplot(*args, **kwargs):
            shuffled = []
            for i in range(0, len(args), 2):
                shuffled.extend([args[i + 1], args[i]])
            if 'marker' in kwargs and use_marker:
                kwargs['marker'] = ''
            return self.plot(*shuffled, **kwargs)

        def dopatch(xs, ys, **kwargs):
            xs, ys = ys, xs  # flip X, Y
            return patch_list(xs, ys, **kwargs)

    # input validation
    N = len(bxpstats)
    datashape_message = (""List of boxplot statistics and `{0}` ""
                         ""values must have same the length"")
    # check position
    if positions is None:
        positions = list(range(1, N + 1))
    elif len(positions)!= N:
        raise ValueError(datashape_message.format(""positions""))

    positions = np.array(positions)
    if len(positions) > 0 and not isinstance(positions[0], Number):
        raise TypeError(""positions should be an iterable of numbers"")

    # width
    if widths is None:
        widths = [np.clip(0.15 * np.ptp(positions), 0.15, 0.5)] * N
    elif np.isscalar(widths):
        widths = [widths] * N
    elif len(widths)!= N:
        raise ValueError(datashape_message.format(""widths""))

    for pos, width, stats in zip(positions, widths, bxpstats):
        # try to find a new label
        datalabels.append(stats.get('label', pos))

        # whisker coords
        whisker_x = np.ones(2) * pos
        whiskerlo_y = np.array([stats['q1'], stats['whislo']])
        whiskerhi_y = np.array([stats['q3'], stats['whishi']])

        # cap coords
        cap_left = pos - width * 0.25
        cap_right = pos + width * 0.25
        cap_x = np.array([cap_left, cap_right])
        cap_lo = np.ones(2) * stats['whislo']
        cap_hi = np.ones(2) * stats['whishi']

        # box and median coords
        box_left = pos - width * 0.5
        box_right = pos + width * 0.5
        med_y = [stats['med'], stats['med']]

        # notched boxes
        if shownotches:
            box_x = [box_left, box_right, box_right, cap_right, box_right,
                     box_right, box_left, box_left, cap_left, box_left,
                     box_left]
            box_y = [stats['q1'], stats['q1'], stats['cilo'],
                     stats['med'], stats['cihi'], stats['q3'],
                     stats['q3'], stats['cihi'], stats['med'],
                     stats['cilo'], stats['q1']]
            med_x = cap_x

        # plain boxes
        else:
            box_x = [box_left, box_right, box_right, box_left, box_left]
            box_y = [stats['q1'], stats['q1'], stats['q3'], stats['q3'],
                     stats['q1']]
            med_x = [box_left, box_right]

        # maybe draw the box:
        if showbox:
            if patch_artist:
                boxes.extend(dopatch(box_x, box_y, **final_boxprops))
            else:
                boxes.extend(doplot(box_x, box_y, **final_boxprops))

        # draw the whiskers
        whiskers.extend(doplot(
            whisker_x, whiskerlo_y, **final_whiskerprops
        ))
        whiskers.extend(doplot(
            whisker_x, whiskerhi_y, **final_whiskerprops
        ))

        # maybe draw the caps:
        if showcaps:
            caps.extend(doplot(cap_x, cap_lo, **final_capprops))
            caps.extend(doplot(cap_x, cap_hi, **final_capprops))

        # draw the medians
        medians.extend(doplot(med_x, med_y, **final_medianprops))

        # maybe draw the means
        if showmeans:
            if meanline:
                means.extend(doplot(
                    [box_left, box_right], [stats['mean'], stats['mean']],
                    **final_meanprops
                ))
            else:
                means.extend(doplot(
                    [pos], [stats['mean']], **final_meanprops
                ))

        # maybe draw the fliers
        if showfliers:
            # fliers coords
            flier_x = np.full(len(stats['fliers']), pos, dtype=np.float64)
            flier_y = stats['fliers']

            fliers.extend(doplot(
                flier_x, flier_y, **final_flierprops
            ))

    if manage_ticks:
        axis_name = ""x"" if vert else ""y""
        interval = getattr(self.dataLim, f""interval{axis_name}"")
        axis = getattr(self, f""{axis_name}axis"")
        positions = axis.convert_units(positions)
        # The 0.5 additional padding ensures reasonable-looking boxes
        # even when drawing a single box.  We set the sticky edge to
        # prevent margins expansion, in order to match old behavior (back
        # when separate calls to boxplot() would completely reset the axis
        # limits regardless of what was drawn before).  The sticky edges
        # are attached to the median lines, as they are always present.
        interval[:] = (min(interval[0], min(positions) -.5),
                       max(interval[1], max(positions) +.5))
        for median, position in zip(medians, positions):
            getattr(median.sticky_edges, axis_name).extend(
                [position -.5, position +.5])
        # Modified from Axis.set_ticks and Axis.set_ticklabels.
        locator = axis.get_major_locator()
        if not isinstance(axis.get_major_locator(),
                          mticker.FixedLocator):
            locator = mticker.FixedLocator([])
            axis.set_major_locator(locator)
        locator.locs = np.array([*locator.locs, *positions])
        formatter = axis.get_major_formatter()
        if not isinstance(axis.get_major_formatter(),
                          mticker.FixedFormatter):
            formatter = mticker.FixedFormatter([])
            axis.set_major_formatter(formatter)
        formatter.seq = [*formatter.seq, *datalabels]

        self._request_autoscale_view(
            scalex=self._autoscaleXon, scaley=self._autoscaleYon)

    return dict(whiskers=whiskers, caps=caps, boxes=boxes,
                medians=medians, fliers=fliers, means=means)
```",
matplotlib-21-vall_llama-5,UNKNOWN,UNKNOWN,"```python
@cbook._rename_parameter(""3.1"", ""manage_xticks"", ""manage_ticks"")
def bxp(self, bxpstats, positions=None, widths=None, vert=True,
        patch_artist=False, shownotches=False, showmeans=False,
        showcaps=True, showbox=True, showfliers=True,
        boxprops=None, whiskerprops=None, flierprops=None,
        medianprops=None, capprops=None, meanprops=None,
        meanline=False, manage_ticks=True, zorder=None):
    """"""
    Drawing function for box and whisker plots.

    Make a box and whisker plot for each column of *x* or each
    vector in sequence *x*.  The box extends from the lower to
    upper quartile values of the data, with a line at the median.
    The whiskers extend from the box to show the range of the
    data.  Flier points are those past the end of the whiskers.

    Parameters
    ----------
    bxpstats : list of dicts
      A list of dictionaries containing stats for each boxplot.
      Required keys are:

      - ``med``: The median (scalar float).

      - ``q1``: The first quartile (25th percentile) (scalar
        float).

      - ``q3``: The third quartile (75th percentile) (scalar
        float).

      - ``whislo``: Lower bound of the lower whisker (scalar
        float).

      - ``whishi``: Upper bound of the upper whisker (scalar
        float).

      Optional keys are:

      - ``mean``: The mean (scalar float). Needed if
        ``showmeans=True``.

      - ``fliers``: Data beyond the whiskers (sequence of floats).
        Needed if ``showfliers=True``.

      - ``cilo`` & ``cihi``: Lower and upper confidence intervals
        about the median. Needed if ``shownotches=True``.

      - ``label``: Name of the dataset (string). If available,
        this will be used a tick label for the boxplot

    positions : array-like, default: [1, 2,..., n]
      Sets the positions of the boxes. The ticks and limits
      are automatically set to match the positions.

    widths : array-like, default: None
      Either a scalar or a vector and sets the width of each
      box. The default is ``0.15*(distance between extreme
      positions)``, clipped to no less than 0.15 and no more than
      0.5.

    vert : bool, default: True
      If `True` (default), makes the boxes vertical.  If `False`,
      makes horizontal boxes.

    patch_artist : bool, default: False
      If `False` produces boxes with the `.Line2D` artist.
      If `True` produces boxes with the `~matplotlib.patches.Patch` artist.

    shownotches : bool, default: False
      If `False` (default), produces a rectangular box plot.
      If `True`, will produce a notched box plot

    showmeans : bool, default: False
      If `True`, will toggle on the rendering of the means

    showcaps  : bool, default: True
      If `True`, will toggle on the rendering of the caps

    showbox  : bool, default: True
      If `True`, will toggle on the rendering of the box

    showfliers : bool, default: True
      If `True`, will toggle on the rendering of the fliers

    boxprops : dict or None (default)
      If provided, will set the plotting style of the boxes

    whiskerprops : dict or None (default)
      If provided, will set the plotting style of the whiskers

    capprops : dict or None (default)
      If provided, will set the plotting style of the caps

    flierprops : dict or None (default)
      If provided will set the plotting style of the fliers

    medianprops : dict or None (default)
      If provided, will set the plotting style of the medians

    meanprops : dict or None (default)
      If provided, will set the plotting style of the means

    meanline : bool, default: False
      If `True` (and *showmeans* is `True`), will try to render the mean
      as a line spanning the full width of the box according to
      *meanprops*. Not recommended if *shownotches* is also True.
      Otherwise, means will be shown as points.

    manage_ticks : bool, default: True
      If True, the tick locations and labels will be adjusted to match the
      boxplot positions.

    zorder : scalar, default: None
      The zorder of the resulting boxplot.

    Returns
    -------
    result : dict
      A dictionary mapping each component of the boxplot to a list
      of the `.Line2D` instances created. That dictionary has the
      following keys (assuming vertical boxplots):

      - ``boxes``: the main body of the boxplot showing the
        quartiles and the median's confidence intervals if
        enabled.

      - ``medians``: horizontal lines at the median of each box.

      - ``whiskers``: the vertical lines extending to the most
        extreme, non-outlier data points.

      - ``caps``: the horizontal lines at the ends of the
        whiskers.

      - ``fliers``: points representing data that extend beyond
        the whiskers (fliers).

      - ``means``: points or lines representing the means.

    Examples
    --------
   .. plot:: gallery/statistics/bxp.py

    """"""
    # lists of artists to be output
    whiskers = []
    caps = []
    boxes = []
    medians = []
    means = []
    fliers = []

    # empty list of xticklabels
    datalabels = []

    # Use default zorder if none specified
    if zorder is None:
        zorder = mlines.Line2D.zorder

    zdelta = 0.1

    def line_props_with_rcdefaults(subkey, explicit, zdelta=0):
        d = {k.split('.')[-1]: v for k, v in rcParams.items()
             if k.startswith(f'boxplot.{subkey}')}
        d['zorder'] = zorder + zdelta
        if explicit is not None:
            d.update(
                cbook.normalize_kwargs(explicit, mlines.Line2D._alias_map))
        # Initialize flag for whether to use marker
        use_marker = True
        if rcParams['lines.marker'] and not explicit:
            use_marker = False
            d['marker'] = ''
        return d, use_marker

    # box properties
    if patch_artist:
        final_boxprops = dict(
            linestyle=rcParams['boxplot.boxprops.linestyle'],
            linewidth=rcParams['boxplot.boxprops.linewidth'],
            edgecolor=rcParams['boxplot.boxprops.color'],
            facecolor=('white' if rcParams['_internal.classic_mode'] else
                       rcParams['patch.facecolor']),
            zorder=zorder,
        )
        if boxprops is not None:
            final_boxprops.update(
                cbook.normalize_kwargs(
                    boxprops, mpatches.PathPatch._alias_map))
    else:
        final_boxprops, use_marker_box = line_props_with_rcdefaults('boxprops', boxprops)

    final_whiskerprops, use_marker_whisker = line_props_with_rcdefaults(
        'whiskerprops', whiskerprops)
    final_capprops, use_marker_cap = line_props_with_rcdefaults(
        'capprops', capprops)
    final_flierprops, use_marker_flier = line_props_with_rcdefaults(
        'flierprops', flierprops)
    final_medianprops, use_marker_median = line_props_with_rcdefaults(
        'medianprops', medianprops, zdelta)
    final_meanprops, use_marker_mean = line_props_with_rcdefaults(
        'meanprops', meanprops, zdelta)
    removed_prop = 'marker' if meanline else 'linestyle'
    # Only remove the property if it's not set explicitly as a parameter.
    if meanprops is None or removed_prop not in meanprops:
        final_meanprops[removed_prop] = ''

    def to_vc(xs, ys):
        # convert arguments to verts and codes, append (0, 0) (ignored).
        verts = np.append(np.column_stack([xs, ys]), [(0, 0)], 0)
        codes = ([mpath.Path.MOVETO]
                 + [mpath.Path.LINETO] * (len(verts) - 2)
                 + [mpath.Path.CLOSEPOLY])
        return verts, codes

    def patch_list(xs, ys, **kwargs):
        verts, codes = to_vc(xs, ys)
        path = mpath.Path(verts, codes)
        patch = mpatches.PathPatch(path, **kwargs)
        self.add_artist(patch)
        return [patch]

    # vertical or horizontal plot?
    if vert:
        def doplot(*args, **kwargs):
            return self.plot(*args, **kwargs)

        def dopatch(xs, ys, **kwargs):
            return patch_list(xs, ys, **kwargs)

    else:
        def doplot(*args, **kwargs):
            shuffled = []
            for i in range(0, len(args), 2):
                shuffled.extend([args[i + 1], args[i]])
            return self.plot(*shuffled, **kwargs)

        def dopatch(xs, ys, **kwargs):
            xs, ys = ys, xs  # flip X, Y
            return patch_list(xs, ys, **kwargs)

    # input validation
    N = len(bxpstats)
    datashape_message = (""List of boxplot statistics and `{0}` ""
                         ""values must have same the length"")
    # check position
    if positions is None:
        positions = list(range(1, N + 1))
    elif len(positions)!= N:
        raise ValueError(datashape_message.format(""positions""))

    positions = np.array(positions)
    if len(positions) > 0 and not isinstance(positions[0], Number):
        raise TypeError(""positions should be an iterable of numbers"")

    # width
    if widths is None:
        widths = [np.clip(0.15 * np.ptp(positions), 0.15, 0.5)] * N
    elif np.isscalar(widths):
        widths = [widths] * N
    elif len(widths)!= N:
        raise ValueError(datashape_message.format(""widths""))

    for pos, width, stats in zip(positions, widths, bxpstats):
        # try to find a new label
        datalabels.append(stats.get('label', pos))

        # whisker coords
        whisker_x = np.ones(2) * pos
        whiskerlo_y = np.array([stats['q1'], stats['whislo']])
        whiskerhi_y = np.array([stats['q3'], stats['whishi']])

        # cap coords
        cap_left = pos - width * 0.25
        cap_right = pos + width * 0.25
        cap_x = np.array([cap_left, cap_right])
        cap_lo = np.ones(2) * stats['whislo']
        cap_hi = np.ones(2) * stats['whishi']

        # box and median coords
        box_left = pos - width * 0.5
        box_right = pos + width * 0.5
        med_y = [stats['med'], stats['med']]

        # notched boxes
        if shownotches:
            box_x = [box_left, box_right, box_right, cap_right, box_right,
                     box_right, box_left, box_left, cap_left, box_left,
                     box_left]
            box_y = [stats['q1'], stats['q1'], stats['cilo'],
                     stats['med'], stats['cihi'], stats['q3'],
                     stats['q3'], stats['cihi'], stats['med'],
                     stats['cilo'], stats['q1']]
            med_x = cap_x

        # plain boxes
        else:
            box_x = [box_left, box_right, box_right, box_left, box_left]
            box_y = [stats['q1'], stats['q1'], stats['q3'], stats['q3'],
                     stats['q1']]
            med_x = [box_left, box_right]

        # maybe draw the box:
        if showbox:
            if patch_artist:
                boxes.extend(dopatch(box_x, box_y, **final_boxprops))
            else:
                boxes.extend(doplot(box_x, box_y, **final_boxprops))

        # draw the whiskers
        whiskers.extend(doplot(
            whisker_x, whiskerlo_y, **final_whiskerprops
        ))
        whiskers.extend(doplot(
            whisker_x, whiskerhi_y, **final_whiskerprops
        ))

        # maybe draw the caps:
        if showcaps:
            caps.extend(doplot(cap_x, cap_lo, **final_capprops))
            caps.extend(doplot(cap_x, cap_hi, **final_capprops))

        # draw the medians
        medians.extend(doplot(med_x, med_y, **final_medianprops))

        # maybe draw the means
        if showmeans:
            if meanline:
                means.extend(doplot(
                    [box_left, box_right], [stats['mean'], stats['mean']],
                    **final_meanprops
                ))
            else:
                means.extend(doplot(
                    [pos], [stats['mean']], **final_meanprops
                ))

        # maybe draw the fliers
        if showfliers:
            # fliers coords
            flier_x = np.full(len(stats['fliers']), pos, dtype=np.float64)
            flier_y = stats['fliers']

            fliers.extend(doplot(
                flier_x, flier_y, **final_flierprops
            ))

    if manage_ticks:
        axis_name = ""x"" if vert else ""y""
        interval = getattr(self.dataLim, f""interval{axis_name}"")
        axis = getattr(self, f""{axis_name}axis"")
        positions = axis.convert_units(positions)
        # The 0.5 additional padding ensures reasonable-looking boxes
        # even when drawing a single box.  We set the sticky edge to
        # prevent margins expansion, in order to match old behavior (back
        # when separate calls to boxplot() would completely reset the axis
        # limits regardless of what was drawn before).  The sticky edges
        # are attached to the median lines, as they are always present.
        interval[:] = (min(interval[0], min(positions) -.5),
                       max(interval[1], max(positions) +.5))
        for median, position in zip(medians, positions):
            getattr(median.sticky_edges, axis_name).extend(
                [position -.5, position +.5])
        # Modified from Axis.set_ticks and Axis.set_ticklabels.
        locator = axis.get_major_locator()
        if not isinstance(axis.get_major_locator(),
                          mticker.FixedLocator):
            locator = mticker.FixedLocator([])
            axis.set_major_locator(locator)
        locator.locs = np.array([*locator.locs, *positions])
        formatter = axis.get_major_formatter()
        if not isinstance(axis.get_major_formatter(),
                          mticker.FixedFormatter):
            formatter = mticker.FixedFormatter([])
            axis.set_major_formatter(formatter)
        formatter.seq = [*formatter.seq, *datalabels]

        self._request_autoscale_view(
            scalex=self._autoscaleXon, scaley=self._autoscaleYon)

    return dict(whiskers=whiskers, caps=caps, boxes=boxes,
                medians=medians, fliers=fliers, means=means)
```",
matplotlib-21-vall_llama-6,UNKNOWN,UNKNOWN,"### Step-by-step analysis of the problem:

1. **Identifying the Bug**: The provided test function `test_boxplot_marker_behavior` fails due to an incorrect marker being used for the lines in the boxplot. The bug is caused by the `lines.marker` parameter in the matplotlibrc file being set to 's', which overrides the default marker for the boxplot lines.

2. **Understanding the Code**: The `bxp` function is responsible for creating box and whisker plots. It uses various parameters such as `boxprops`, `whiskerprops`, `capprops`, `flierprops`, and `medianprops` to customize the appearance of the plot.

3. **Finding the Root Cause**: The root cause of the bug is the lack of a check for the `lines.marker` parameter in the `bxp` function. When this parameter is set in the matplotlibrc file, it overrides the default marker for all lines in the plot, including the boxplot lines.

### Fixed solution:
```python
@cbook._rename_parameter(""3.1"", ""manage_xticks"", ""manage_ticks"")
def bxp(self, bxpstats, positions=None, widths=None, vert=True,
        patch_artist=False, shownotches=False, showmeans=False,
        showcaps=True, showbox=True, showfliers=True,
        boxprops=None, whiskerprops=None, flierprops=None,
        medianprops=None, capprops=None, meanprops=None,
        meanline=False, manage_ticks=True, zorder=None):
    #...
    final_boxprops = line_props_with_rcdefaults('boxprops', boxprops)
    final_whiskerprops = line_props_with_rcdefaults('whiskerprops', whiskerprops)
    final_capprops = line_props_with_rcdefaults('capprops', capprops)
    final_flierprops = line_props_with_rcdefaults('flierprops', flierprops)
    final_medianprops = line_props_with_rcdefaults('medianprops', medianprops, zdelta)
    final_meanprops = line_props_with_rcdefaults('meanprops', meanprops, zdelta)
    # Override the marker to empty string to avoid affecting the lines
    use_marker = False
    if meanline:
        final_meanprops['marker'] = ''
    else:
        final_medianprops['marker'] = ''
        final_whiskerprops['marker'] = ''
        final_capprops['marker'] = ''
        final_boxprops['marker'] = ''
    #...
    return dict(whiskers=whiskers, caps=caps, boxes=boxes,
                medians=medians, fliers=fliers, means=means)

```
### Explanation of changes:

*   Added a check to override the `marker` property for the lines in the boxplot to an empty string, preventing the `lines.marker` parameter from affecting the plot.
*   Set the `marker` property to an empty string for `final_medianprops`, `final_whiskerprops`, `final_capprops`, and `final_boxprops` to prevent the marker from being displayed for the lines.
*   Added a `use_marker` flag to track whether the marker should be used or not.

### Tests and example uses:

The test function `test_boxplot_marker_behavior` should now pass with the corrected `bxp` function.

```python
def test_boxplot_marker_behavior():
    plt.rcParams['lines.marker'] = 's'
    plt.rcParams['boxplot.flierprops.marker'] = 'o'
    plt.rcParams['boxplot.meanprops.marker'] = '^'
    fig, ax = plt.subplots()
    test_data = np.arange(100)
    test_data[-1] = 150  # a flier point
    bxp_handle = ax.boxplot(test_data, showmeans=True)
    for bxp_lines in ['whiskers', 'caps', 'boxes', 'medians']:
        for each_line in bxp_handle[bxp_lines]:
            # Ensure that the rcParams['lines.marker'] is overridden by ''
            assert each_line.get_marker() == ''

    # Ensure that markers for fliers and means aren't overridden with ''
    assert bxp_handle['fliers'][0].get_marker() == 'o'
    assert bxp_handle['means'][0].get_marker() == '^'
```",
matplotlib-21-vall_llama-7,UNKNOWN,UNKNOWN,"```python
@cbook._rename_parameter(""3.1"", ""manage_xticks"", ""manage_ticks"")
def bxp(self, bxpstats, positions=None, widths=None, vert=True,
        patch_artist=False, shownotches=False, showmeans=False,
        showcaps=True, showbox=True, showfliers=True,
        boxprops=None, whiskerprops=None, flierprops=None,
        medianprops=None, capprops=None, meanprops=None,
        meanline=False, manage_ticks=True, zorder=None):
    """"""
    Drawing function for box and whisker plots.

    Make a box and whisker plot for each column of *x* or each
    vector in sequence *x*.  The box extends from the lower to
    upper quartile values of the data, with a line at the median.
    The whiskers extend from the box to show the range of the
    data.  Flier points are those past the end of the whiskers.

    Parameters
    ----------
    bxpstats : list of dicts
      A list of dictionaries containing stats for each boxplot.
      Required keys are:

      - ``med``: The median (scalar float).

      - ``q1``: The first quartile (25th percentile) (scalar
        float).

      - ``q3``: The third quartile (75th percentile) (scalar
        float).

      - ``whislo``: Lower bound of the lower whisker (scalar
        float).

      - ``whishi``: Upper bound of the upper whisker (scalar
        float).

      Optional keys are:

      - ``mean``: The mean (scalar float). Needed if
        ``showmeans=True``.

      - ``fliers``: Data beyond the whiskers (sequence of floats).
        Needed if ``showfliers=True``.

      - ``cilo`` & ``cihi``: Lower and upper confidence intervals
        about the median. Needed if ``shownotches=True``.

      - ``label``: Name of the dataset (string). If available,
        this will be used a tick label for the boxplot

    positions : array-like, default: [1, 2,..., n]
      Sets the positions of the boxes. The ticks and limits
      are automatically set to match the positions.

    widths : array-like, default: None
      Either a scalar or a vector and sets the width of each
      box. The default is ``0.15*(distance between extreme
      positions)``, clipped to no less than 0.15 and no more than
      0.5.

    vert : bool, default: True
      If `True` (default), makes the boxes vertical.  If `False`,
      makes horizontal boxes.

    patch_artist : bool, default: False
      If `False` produces boxes with the `.Line2D` artist.
      If `True` produces boxes with the `~matplotlib.patches.Patch` artist.

    shownotches : bool, default: False
      If `False` (default), produces a rectangular box plot.
      If `True`, will produce a notched box plot

    showmeans : bool, default: False
      If `True`, will toggle on the rendering of the means

    showcaps  : bool, default: True
      If `True`, will toggle on the rendering of the caps

    showbox  : bool, default: True
      If `True`, will toggle on the rendering of the box

    showfliers : bool, default: True
      If `True`, will toggle on the rendering of the fliers

    boxprops : dict or None (default)
      If provided, will set the plotting style of the boxes

    whiskerprops : dict or None (default)
      If provided, will set the plotting style of the whiskers

    capprops : dict or None (default)
      If provided, will set the plotting style of the caps

    flierprops : dict or None (default)
      If provided will set the plotting style of the fliers

    medianprops : dict or None (default)
      If provided, will set the plotting style of the medians

    meanprops : dict or None (default)
      If provided, will set the plotting style of the means

    meanline : bool, default: False
      If `True` (and *showmeans* is `True`), will try to render the mean
      as a line spanning the full width of the box according to
      *meanprops*. Not recommended if *shownotches* is also True.
      Otherwise, means will be shown as points.

    manage_ticks : bool, default: True
      If True, the tick locations and labels will be adjusted to match the
      boxplot positions.

    zorder : scalar, default: None
      The zorder of the resulting boxplot.

    Returns
    -------
    result : dict
      A dictionary mapping each component of the boxplot to a list
      of the `.Line2D` instances created. That dictionary has the
      following keys (assuming vertical boxplots):

      - ``boxes``: the main body of the boxplot showing the
        quartiles and the median's confidence intervals if
        enabled.

      - ``medians``: horizontal lines at the median of each box.

      - ``whiskers``: the vertical lines extending to the most
        extreme, non-outlier data points.

      - ``caps``: the horizontal lines at the ends of the
        whiskers.

      - ``fliers``: points representing data that extend beyond
        the whiskers (fliers).

      - ``means``: points or lines representing the means.

    Examples
    --------
   .. plot:: gallery/statistics/bxp.py

    """"""
    # lists of artists to be output
    whiskers = []
    caps = []
    boxes = []
    medians = []
    means = []
    fliers = []

    # empty list of xticklabels
    datalabels = []

    # Use default zorder if none specified
    if zorder is None:
        zorder = mlines.Line2D.zorder

    zdelta = 0.1

    def line_props_with_rcdefaults(subkey, explicit, zdelta=0, use_marker=True):
        d = {k.split('.')[-1]: v for k, v in rcParams.items()
             if k.startswith(f'boxplot.{subkey}')}
        d['zorder'] = zorder + zdelta
        if explicit is not None:
            d.update(
                cbook.normalize_kwargs(explicit, mlines.Line2D._alias_map))
        if not use_marker:
            d['marker'] = ''
        return d

    # box properties
    if patch_artist:
        final_boxprops = dict(
            linestyle=rcParams['boxplot.boxprops.linestyle'],
            linewidth=rcParams['boxplot.boxprops.linewidth'],
            edgecolor=rcParams['boxplot.boxprops.color'],
            facecolor=('white' if rcParams['_internal.classic_mode'] else
                       rcParams['patch.facecolor']),
            zorder=zorder,
        )
        if boxprops is not None:
            final_boxprops.update(
                cbook.normalize_kwargs(
                    boxprops, mpatches.PathPatch._alias_map))
    else:
        final_boxprops = line_props_with_rcdefaults('boxprops', boxprops, use_marker=False)
    final_whiskerprops = line_props_with_rcdefaults(
        'whiskerprops', whiskerprops, use_marker=False)
    final_capprops = line_props_with_rcdefaults(
        'capprops', capprops, use_marker=False)
    final_flierprops = line_props_with_rcdefaults(
        'flierprops', flierprops)
    final_medianprops = line_props_with_rcdefaults(
        'medianprops', medianprops, zdelta, use_marker=False)
    final_meanprops = line_props_with_rcdefaults(
        'meanprops', meanprops, zdelta)
    removed_prop = 'marker' if meanline else 'linestyle'
    # Only remove the property if it's not set explicitly as a parameter.
    if meanprops is None or removed_prop not in meanprops:
        final_meanprops[removed_prop] = ''

    def to_vc(xs, ys):
        # convert arguments to verts and codes, append (0, 0) (ignored).
        verts = np.append(np.column_stack([xs, ys]), [(0, 0)], 0)
        codes = ([mpath.Path.MOVETO]
                 + [mpath.Path.LINETO] * (len(verts) - 2)
                 + [mpath.Path.CLOSEPOLY])
        return verts, codes

    def patch_list(xs, ys, **kwargs):
        verts, codes = to_vc(xs, ys)
        path = mpath.Path(verts, codes)
        patch = mpatches.PathPatch(path, **kwargs)
        self.add_artist(patch)
        return [patch]

    # vertical or horizontal plot?
    if vert:
        def doplot(*args, **kwargs):
            return self.plot(*args, **kwargs)

        def dopatch(xs, ys, **kwargs):
            return patch_list(xs, ys, **kwargs)

    else:
        def doplot(*args, **kwargs):
            shuffled = []
            for i in range(0, len(args), 2):
                shuffled.extend([args[i + 1], args[i]])
            return self.plot(*shuffled, **kwargs)

        def dopatch(xs, ys, **kwargs):
            xs, ys = ys, xs  # flip X, Y
            return patch_list(xs, ys, **kwargs)

    # input validation
    N = len(bxpstats)
    datashape_message = (""List of boxplot statistics and `{0}` ""
                         ""values must have same the length"")
    # check position
    if positions is None:
        positions = list(range(1, N + 1))
    elif len(positions)!= N:
        raise ValueError(datashape_message.format(""positions""))

    positions = np.array(positions)
    if len(positions) > 0 and not isinstance(positions[0], Number):
        raise TypeError(""positions should be an iterable of numbers"")

    # width
    if widths is None:
        widths = [np.clip(0.15 * np.ptp(positions), 0.15, 0.5)] * N
    elif np.isscalar(widths):
        widths = [widths] * N
    elif len(widths)!= N:
        raise ValueError(datashape_message.format(""widths""))

    for pos, width, stats in zip(positions, widths, bxpstats):
        # try to find a new label
        datalabels.append(stats.get('label', pos))

        # whisker coords
        whisker_x = np.ones(2) * pos
        whiskerlo_y = np.array([stats['q1'], stats['whislo']])
        whiskerhi_y = np.array([stats['q3'], stats['whishi']])

        # cap coords
        cap_left = pos - width * 0.25
        cap_right = pos + width * 0.25
        cap_x = np.array([cap_left, cap_right])
        cap_lo = np.ones(2) * stats['whislo']
        cap_hi = np.ones(2) * stats['whishi']

        # box and median coords
        box_left = pos - width * 0.5
        box_right = pos + width * 0.5
        med_y = [stats['med'], stats['med']]

        # notched boxes
        if shownotches:
            box_x = [box_left, box_right, box_right, cap_right, box_right,
                     box_right, box_left, box_left, cap_left, box_left,
                     box_left]
            box_y = [stats['q1'], stats['q1'], stats['cilo'],
                     stats['med'], stats['cihi'], stats['q3'],
                     stats['q3'], stats['cihi'], stats['med'],
                     stats['cilo'], stats['q1']]
            med_x = cap_x

        # plain boxes
        else:
            box_x = [box_left, box_right, box_right, box_left, box_left]
            box_y = [stats['q1'], stats['q1'], stats['q3'], stats['q3'],
                     stats['q1']]
            med_x = [box_left, box_right]

        # maybe draw the box:
        if showbox:
            if patch_artist:
                boxes.extend(dopatch(box_x, box_y, **final_boxprops))
            else:
                boxes.extend(doplot(box_x, box_y, **final_boxprops))

        # draw the whiskers
        whiskers.extend(doplot(
            whisker_x, whiskerlo_y, **final_whiskerprops
        ))
        whiskers.extend(doplot(
            whisker_x, whiskerhi_y, **final_whiskerprops
        ))

        # maybe draw the caps:
        if showcaps:
            caps.extend(doplot(cap_x, cap_lo, **final_capprops))
            caps.extend(doplot(cap_x, cap_hi, **final_capprops))

        # draw the medians
        medians.extend(doplot(med_x, med_y, **final_medianprops))

        # maybe draw the means
        if showmeans:
            if meanline:
                means.extend(doplot(
                    [box_left, box_right], [stats['mean'], stats['mean']],
                    **final_meanprops
                ))
            else:
                means.extend(doplot(
                    [pos], [stats['mean']], **final_meanprops
                ))

        # maybe draw the fliers
        if showfliers:
            # fliers coords
            flier_x = np.full(len(stats['fliers']), pos, dtype=np.float64)
            flier_y = stats['fliers']

            fliers.extend(doplot(
                flier_x, flier_y, **final_flierprops
            ))

    if manage_ticks:
        axis_name = ""x"" if vert else ""y""
        interval = getattr(self.dataLim, f""interval{axis_name}"")
        axis = getattr(self, f""{axis_name}axis"")
        positions = axis.convert_units(positions)
        # The 0.5 additional padding ensures reasonable-looking boxes
        # even when drawing a single box.  We set the sticky edge to
        # prevent margins expansion, in order to match old behavior (back
        # when separate calls to boxplot() would completely reset the axis
        # limits regardless of what was drawn before).  The sticky edges
        # are attached to the median lines, as they are always present.
        interval[:] = (min(interval[0], min(positions) -.5),
                       max(interval[1], max(positions) +.5))
        for median, position in zip(medians, positions):
            getattr(median.sticky_edges, axis_name).extend(
                [position -.5, position +.5])
        # Modified from Axis.set_ticks and Axis.set_ticklabels.
        locator = axis.get_major_locator()
        if not isinstance(axis.get_major_locator(),
                          mticker.FixedLocator):
            locator = mticker.FixedLocator([])
            axis.set_major_locator(locator)
        locator.locs = np.array([*locator.locs, *positions])
        formatter = axis.get_major_formatter()
        if not isinstance(axis.get_major_formatter(),
                          mticker.FixedFormatter):
            formatter = mticker.FixedFormatter([])
            axis.set_major_formatter(formatter)
        formatter.seq = [*formatter.seq, *datalabels]

        self._request_autoscale_view(
            scalex=self._autoscaleXon, scaley=self._autoscaleYon)

    return dict(whiskers=whiskers, caps=caps, boxes=boxes,
                medians=medians, fliers=fliers, means=means)

```",
matplotlib-21-vall_llama-8,UNKNOWN,UNKNOWN,"```python
@cbook._rename_parameter(""3.1"", ""manage_xticks"", ""manage_ticks"")
def bxp(self, bxpstats, positions=None, widths=None, vert=True,
        patch_artist=False, shownotches=False, showmeans=False,
        showcaps=True, showbox=True, showfliers=True,
        boxprops=None, whiskerprops=None, flierprops=None,
        medianprops=None, capprops=None, meanprops=None,
        meanline=False, manage_ticks=True, zorder=None):
    """"""
    Drawing function for box and whisker plots.

    Make a box and whisker plot for each column of *x* or each
    vector in sequence *x*.  The box extends from the lower to
    upper quartile values of the data, with a line at the median.
    The whiskers extend from the box to show the range of the
    data.  Flier points are those past the end of the whiskers.

    Parameters
    ----------
    bxpstats : list of dicts
      A list of dictionaries containing stats for each boxplot.
      Required keys are:

      - ``med``: The median (scalar float).

      - ``q1``: The first quartile (25th percentile) (scalar
        float).

      - ``q3``: The third quartile (75th percentile) (scalar
        float).

      - ``whislo``: Lower bound of the lower whisker (scalar
        float).

      - ``whishi``: Upper bound of the upper whisker (scalar
        float).

      Optional keys are:

      - ``mean``: The mean (scalar float). Needed if
        ``showmeans=True``.

      - ``fliers``: Data beyond the whiskers (sequence of floats).
        Needed if ``showfliers=True``.

      - ``cilo`` & ``cihi``: Lower and upper confidence intervals
        about the median. Needed if ``shownotches=True``.

      - ``label``: Name of the dataset (string). If available,
        this will be used a tick label for the boxplot

    positions : array-like, default: [1, 2,..., n]
      Sets the positions of the boxes. The ticks and limits
      are automatically set to match the positions.

    widths : array-like, default: None
      Either a scalar or a vector and sets the width of each
      box. The default is ``0.15*(distance between extreme
      positions)``, clipped to no less than 0.15 and no more than
      0.5.

    vert : bool, default: True
      If `True` (default), makes the boxes vertical.  If `False`,
      makes horizontal boxes.

    patch_artist : bool, default: False
      If `False` produces boxes with the `.Line2D` artist.
      If `True` produces boxes with the `~matplotlib.patches.Patch` artist.

    shownotches : bool, default: False
      If `False` (default), produces a rectangular box plot.
      If `True`, will produce a notched box plot

    showmeans : bool, default: False
      If `True`, will toggle on the rendering of the means

    showcaps  : bool, default: True
      If `True`, will toggle on the rendering of the caps

    showbox  : bool, default: True
      If `True`, will toggle on the rendering of the box

    showfliers : bool, default: True
      If `True`, will toggle on the rendering of the fliers

    boxprops : dict or None (default)
      If provided, will set the plotting style of the boxes

    whiskerprops : dict or None (default)
      If provided, will set the plotting style of the whiskers

    capprops : dict or None (default)
      If provided, will set the plotting style of the caps

    flierprops : dict or None (default)
      If provided will set the plotting style of the fliers

    medianprops : dict or None (default)
      If provided, will set the plotting style of the medians

    meanprops : dict or None (default)
      If provided, will set the plotting style of the means

    meanline : bool, default: False
      If `True` (and *showmeans* is `True`), will try to render the mean
      as a line spanning the full width of the box according to
      *meanprops*. Not recommended if *shownotches* is also True.
      Otherwise, means will be shown as points.

    manage_ticks : bool, default: True
      If True, the tick locations and labels will be adjusted to match the
      boxplot positions.

    zorder : scalar, default: None
      The zorder of the resulting boxplot.

    Returns
    -------
    result : dict
      A dictionary mapping each component of the boxplot to a list
      of the `.Line2D` instances created. That dictionary has the
      following keys (assuming vertical boxplots):

      - ``boxes``: the main body of the boxplot showing the
        quartiles and the median's confidence intervals if
        enabled.

      - ``medians``: horizontal lines at the median of each box.

      - ``whiskers``: the vertical lines extending to the most
        extreme, non-outlier data points.

      - ``caps``: the horizontal lines at the ends of the
        whiskers.

      - ``fliers``: points representing data that extend beyond
        the whiskers (fliers).

      - ``means``: points or lines representing the means.

    Examples
    --------
   .. plot:: gallery/statistics/bxp.py

    """"""
    # lists of artists to be output
    whiskers = []
    caps = []
    boxes = []
    medians = []
    means = []
    fliers = []

    # empty list of xticklabels
    datalabels = []

    # Use default zorder if none specified
    if zorder is None:
        zorder = mlines.Line2D.zorder

    zdelta = 0.1

    def line_props_with_rcdefaults(subkey, explicit, zdelta=0):
        d = {k.split('.')[-1]: v for k, v in rcParams.items()
             if k.startswith(f'boxplot.{subkey}')}
        d['zorder'] = zorder + zdelta
        if explicit is not None:
            d.update(
                cbook.normalize_kwargs(explicit, mlines.Line2D._alias_map))
        return d

    # box properties
    if patch_artist:
        final_boxprops = dict(
            linestyle=rcParams['boxplot.boxprops.linestyle'],
            linewidth=rcParams['boxplot.boxprops.linewidth'],
            edgecolor=rcParams['boxplot.boxprops.color'],
            facecolor=('white' if rcParams['_internal.classic_mode'] else
                       rcParams['patch.facecolor']),
            zorder=zorder,
        )
        if boxprops is not None:
            final_boxprops.update(
                cbook.normalize_kwargs(
                    boxprops, mpatches.PathPatch._alias_map))
    else:
        final_boxprops = line_props_with_rcdefaults('boxprops', boxprops)

    # we need to override markers for the boxplot lines
    use_marker = False
    for prop in ['boxprops', 'whiskerprops', 'capprops', 'medianprops', 'meanprops']:
        prop_dict = locals()[prop]
        if prop_dict:
            if 'marker' in prop_dict:
                prop_dict['marker'] = ''
        else:
            final_prop_dict = line_props_with_rcdefaults(prop, locals()[prop])
            if 'marker' in final_prop_dict:
                final_prop_dict['marker'] = ''
            locals()[prop] = final_prop_dict

    final_whiskerprops = line_props_with_rcdefaults(
        'whiskerprops', whiskerprops)
    final_capprops = line_props_with_rcdefaults(
        'capprops', capprops)
    final_flierprops = line_props_with_rcdefaults(
        'flierprops', flierprops)
    final_medianprops = line_props_with_rcdefaults(
        'medianprops', medianprops, zdelta)
    final_meanprops = line_props_with_rcdefaults(
        'meanprops', meanprops, zdelta)
    removed_prop = 'marker' if meanline else 'linestyle'
    # Only remove the property if it's not set explicitly as a parameter.
    if meanprops is None or removed_prop not in meanprops:
        final_meanprops[removed_prop] = ''

    def to_vc(xs, ys):
        # convert arguments to verts and codes, append (0, 0) (ignored).
        verts = np.append(np.column_stack([xs, ys]), [(0, 0)], 0)
        codes = ([mpath.Path.MOVETO]
                 + [mpath.Path.LINETO] * (len(verts) - 2)
                 + [mpath.Path.CLOSEPOLY])
        return verts, codes

    def patch_list(xs, ys, **kwargs):
        verts, codes = to_vc(xs, ys)
        path = mpath.Path(verts, codes)
        patch = mpatches.PathPatch(path, **kwargs)
        self.add_artist(patch)
        return [patch]

    # vertical or horizontal plot?
    if vert:
        def doplot(*args, **kwargs):
            return self.plot(*args, **kwargs)

        def dopatch(xs, ys, **kwargs):
            return patch_list(xs, ys, **kwargs)

    else:
        def doplot(*args, **kwargs):
            shuffled = []
            for i in range(0, len(args), 2):
                shuffled.extend([args[i + 1], args[i]])
            return self.plot(*shuffled, **kwargs)

        def dopatch(xs, ys, **kwargs):
            xs, ys = ys, xs  # flip X, Y
            return patch_list(xs, ys, **kwargs)

    # input validation
    N = len(bxpstats)
    datashape_message = (""List of boxplot statistics and `{0}` ""
                         ""values must have same the length"")
    # check position
    if positions is None:
        positions = list(range(1, N + 1))
    elif len(positions)!= N:
        raise ValueError(datashape_message.format(""positions""))

    positions = np.array(positions)
    if len(positions) > 0 and not isinstance(positions[0], Number):
        raise TypeError(""positions should be an iterable of numbers"")

    # width
    if widths is None:
        widths = [np.clip(0.15 * np.ptp(positions), 0.15, 0.5)] * N
    elif np.isscalar(widths):
        widths = [widths] * N
    elif len(widths)!= N:
        raise ValueError(datashape_message.format(""widths""))

    for pos, width, stats in zip(positions, widths, bxpstats):
        # try to find a new label
        datalabels.append(stats.get('label', pos))

        # whisker coords
        whisker_x = np.ones(2) * pos
        whiskerlo_y = np.array([stats['q1'], stats['whislo']])
        whiskerhi_y = np.array([stats['q3'], stats['whishi']])

        # cap coords
        cap_left = pos - width * 0.25
        cap_right = pos + width * 0.25
        cap_x = np.array([cap_left, cap_right])
        cap_lo = np.ones(2) * stats['whislo']
        cap_hi = np.ones(2) * stats['whishi']

        # box and median coords
        box_left = pos - width * 0.5
        box_right = pos + width * 0.5
        med_y = [stats['med'], stats['med']]

        # notched boxes
        if shownotches:
            box_x = [box_left, box_right, box_right, cap_right, box_right,
                     box_right, box_left, box_left, cap_left, box_left,
                     box_left]
            box_y = [stats['q1'], stats['q1'], stats['cilo'],
                     stats['med'], stats['cihi'], stats['q3'],
                     stats['q3'], stats['cihi'], stats['med'],
                     stats['cilo'], stats['q1']]
            med_x = cap_x

        # plain boxes
        else:
            box_x = [box_left, box_right, box_right, box_left, box_left]
            box_y = [stats['q1'], stats['q1'], stats['q3'], stats['q3'],
                     stats['q1']]
            med_x = [box_left, box_right]

        # maybe draw the box:
        if showbox:
            if patch_artist:
                boxes.extend(dopatch(box_x, box_y, **final_boxprops))
            else:
                boxes.extend(doplot(box_x, box_y, **final_boxprops))

        # draw the whiskers
        whiskers.extend(doplot(
            whisker_x, whiskerlo_y, **final_whiskerprops
        ))
        whiskers.extend(doplot(
            whisker_x, whiskerhi_y, **final_whiskerprops
        ))

        # maybe draw the caps:
        if showcaps:
            caps.extend(doplot(cap_x, cap_lo, **final_capprops))
            caps.extend(doplot(cap_x, cap_hi, **final_capprops))

        # draw the medians
        medians.extend(doplot(med_x, med_y, **final_medianprops))

        # maybe draw the means
        if showmeans:
            if meanline:
                means.extend(doplot(
                    [box_left, box_right], [stats['mean'], stats['mean']],
                    **final_meanprops
                ))
            else:
                means.extend(doplot(
                    [pos], [stats['mean']], **final_meanprops
                ))

        # maybe draw the fliers
        if showfliers:
            # fliers coords
            flier_x = np.full(len(stats['fliers']), pos, dtype=np.float64)
            flier_y = stats['fliers']

            fliers.extend(doplot(
                flier_x, flier_y, **final_flierprops
            ))

    if manage_ticks:
        axis_name = ""x"" if vert else ""y""
        interval = getattr(self.dataLim, f""interval{axis_name}"")
        axis = getattr(self, f""{axis_name}axis"")
        positions = axis.convert_units(positions)
        # The 0.5 additional padding ensures reasonable-looking boxes
        # even when drawing a single box.  We set the sticky edge to
        # prevent margins expansion, in order to match old behavior (back
        # when separate calls to boxplot() would completely reset the axis
        # limits regardless of what was drawn before).  The sticky edges
        # are attached to the median lines, as they are always present.
        interval[:] = (min(interval[0], min(positions) -.5),
                       max(interval[1], max(positions) +.5))
        for median, position in zip(medians, positions):
            getattr(median.sticky_edges, axis_name).extend(
                [position -.5, position +.5])
        # Modified from Axis.set_ticks and Axis.set_ticklabels.
        locator = axis.get_major_locator()
        if not isinstance(axis.get_major_locator(),
                          mticker.FixedLocator):
            locator = mticker.FixedLocator([])
            axis.set_major_locator(locator)
        locator.locs = np.array([*locator.locs, *positions])
        formatter = axis.get_major_formatter()
        if not isinstance(axis.get_major_formatter(),
                          mticker.FixedFormatter):
            formatter = mticker.FixedFormatter([])
            axis.set_major_formatter(formatter)
        formatter.seq = [*formatter.seq, *datalabels]

        self._request_autoscale_view(
            scalex=self._autoscaleXon, scaley=self._autoscaleYon)

    return dict(whiskers=whiskers, caps=caps, boxes=boxes,
                medians=medians, fliers=fliers, means=means)
```",
matplotlib-21-vall_llama-9,UNKNOWN,UNKNOWN,"```python
@cbook._rename_parameter(""3.1"", ""manage_xticks"", ""manage_ticks"")
def bxp(self, bxpstats, positions=None, widths=None, vert=True,
        patch_artist=False, shownotches=False, showmeans=False,
        showcaps=True, showbox=True, showfliers=True,
        boxprops=None, whiskerprops=None, flierprops=None,
        medianprops=None, capprops=None, meanprops=None,
        meanline=False, manage_ticks=True, zorder=None):
    """"""
    Drawing function for box and whisker plots.

    Make a box and whisker plot for each column of *x* or each
    vector in sequence *x*.  The box extends from the lower to
    upper quartile values of the data, with a line at the median.
    The whiskers extend from the box to show the range of the
    data.  Flier points are those past the end of the whiskers.

    Parameters
    ----------
    bxpstats : list of dicts
      A list of dictionaries containing stats for each boxplot.
      Required keys are:

      - ``med``: The median (scalar float).

      - ``q1``: The first quartile (25th percentile) (scalar
        float).

      - ``q3``: The third quartile (75th percentile) (scalar
        float).

      - ``whislo``: Lower bound of the lower whisker (scalar
        float).

      - ``whishi``: Upper bound of the upper whisker (scalar
        float).

      Optional keys are:

      - ``mean``: The mean (scalar float). Needed if
        ``showmeans=True``.

      - ``fliers``: Data beyond the whiskers (sequence of floats).
        Needed if ``showfliers=True``.

      - ``cilo`` & ``cihi``: Lower and upper confidence intervals
        about the median. Needed if ``shownotches=True``.

      - ``label``: Name of the dataset (string). If available,
        this will be used a tick label for the boxplot

    positions : array-like, default: [1, 2,..., n]
      Sets the positions of the boxes. The ticks and limits
      are automatically set to match the positions.

    widths : array-like, default: None
      Either a scalar or a vector and sets the width of each
      box. The default is ``0.15*(distance between extreme
      positions)``, clipped to no less than 0.15 and no more than
      0.5.

    vert : bool, default: True
      If `True` (default), makes the boxes vertical.  If `False`,
      makes horizontal boxes.

    patch_artist : bool, default: False
      If `False` produces boxes with the `.Line2D` artist.
      If `True` produces boxes with the `~matplotlib.patches.Patch` artist.

    shownotches : bool, default: False
      If `False` (default), produces a rectangular box plot.
      If `True`, will produce a notched box plot

    showmeans : bool, default: False
      If `True`, will toggle on the rendering of the means

    showcaps  : bool, default: True
      If `True`, will toggle on the rendering of the caps

    showbox  : bool, default: True
      If `True`, will toggle on the rendering of the box

    showfliers : bool, default: True
      If `True`, will toggle on the rendering of the fliers

    boxprops : dict or None (default)
      If provided, will set the plotting style of the boxes

    whiskerprops : dict or None (default)
      If provided, will set the plotting style of the whiskers

    capprops : dict or None (default)
      If provided, will set the plotting style of the caps

    flierprops : dict or None (default)
      If provided will set the plotting style of the fliers

    medianprops : dict or None (default)
      If provided, will set the plotting style of the medians

    meanprops : dict or None (default)
      If provided, will set the plotting style of the means

    meanline : bool, default: False
      If `True` (and *showmeans* is `True`), will try to render the mean
      as a line spanning the full width of the box according to
      *meanprops*. Not recommended if *shownotches* is also True.
      Otherwise, means will be shown as points.

    manage_ticks : bool, default: True
      If True, the tick locations and labels will be adjusted to match the
      boxplot positions.

    zorder : scalar, default: None
      The zorder of the resulting boxplot.

    Returns
    -------
    result : dict
      A dictionary mapping each component of the boxplot to a list
      of the `.Line2D` instances created. That dictionary has the
      following keys (assuming vertical boxplots):

      - ``boxes``: the main body of the boxplot showing the
        quartiles and the median's confidence intervals if
        enabled.

      - ``medians``: horizontal lines at the median of each box.

      - ``whiskers``: the vertical lines extending to the most
        extreme, non-outlier data points.

      - ``caps``: the horizontal lines at the ends of the
        whiskers.

      - ``fliers``: points representing data that extend beyond
        the whiskers (fliers).

      - ``means``: points or lines representing the means.

    Examples
    --------
   .. plot:: gallery/statistics/bxp.py
    """"""

    # lists of artists to be output
    whiskers = []
    caps = []
    boxes = []
    medians = []
    means = []
    fliers = []

    # empty list of xticklabels
    datalabels = []

    # Use default zorder if none specified
    if zorder is None:
        zorder = mlines.Line2D.zorder

    zdelta = 0.1

    def line_props_with_rcdefaults(subkey, explicit, zdelta=0):
        d = {k.split('.')[-1]: v for k, v in rcParams.items()
             if k.startswith(f'boxplot.{subkey}')}
        d['zorder'] = zorder + zdelta
        use_marker = not (subkey in ['boxprops', 'whiskerprops', 'capprops', 'medianprops', 'means'])
        if use_marker:
            if explicit is not None:
                d.update(
                    cbook.normalize_kwargs(explicit, mlines.Line2D._alias_map))
        else:
            if explicit is not None:
                d.update(
                    cbook.normalize_kwargs(explicit, mlines.Line2D._alias_map))
            d['marker'] = ''
        return d

    # box properties
    if patch_artist:
        final_boxprops = dict(
            linestyle=rcParams['boxplot.boxprops.linestyle'],
            linewidth=rcParams['boxplot.boxprops.linewidth'],
            edgecolor=rcParams['boxplot.boxprops.color'],
            facecolor=('white' if rcParams['_internal.classic_mode'] else
                       rcParams['patch.facecolor']),
            zorder=zorder,
        )
        if boxprops is not None:
            final_boxprops.update(
                cbook.normalize_kwargs(
                    boxprops, mpatches.PathPatch._alias_map))
    else:
        final_boxprops = line_props_with_rcdefaults('boxprops', boxprops)
    final_whiskerprops = line_props_with_rcdefaults('whiskerprops', whiskerprops)
    final_capprops = line_props_with_rcdefaults('capprops', capprops)
    final_flierprops = line_props_with_rcdefaults('flierprops', flierprops)
    final_medianprops = line_props_with_rcdefaults('medianprops', medianprops, zdelta)
    final_meanprops = line_props_with_rcdefaults('meanprops', meanprops, zdelta)
    removed_prop = 'marker' if meanline else 'linestyle'
    # Only remove the property if it's not set explicitly as a parameter.
    if meanprops is None or removed_prop not in meanprops:
        final_meanprops[removed_prop] = ''

    def to_vc(xs, ys):
        # convert arguments to verts and codes, append (0, 0) (ignored).
        verts = np.append(np.column_stack([xs, ys]), [(0, 0)], 0)
        codes = ([mpath.Path.MOVETO]
                 + [mpath.Path.LINETO] * (len(verts) - 2)
                 + [mpath.Path.CLOSEPOLY])
        return verts, codes

    def patch_list(xs, ys, **kwargs):
        verts, codes = to_vc(xs, ys)
        path = mpath.Path(verts, codes)
        patch = mpatches.PathPatch(path, **kwargs)
        self.add_artist(patch)
        return [patch]

    # vertical or horizontal plot?
    if vert:
        def doplot(*args, **kwargs):
            return self.plot(*args, **kwargs)

        def dopatch(xs, ys, **kwargs):
            return patch_list(xs, ys, **kwargs)

    else:
        def doplot(*args, **kwargs):
            shuffled = []
            for i in range(0, len(args), 2):
                shuffled.extend([args[i + 1], args[i]])
            return self.plot(*shuffled, **kwargs)

        def dopatch(xs, ys, **kwargs):
            xs, ys = ys, xs  # flip X, Y
            return patch_list(xs, ys, **kwargs)

    # input validation
    N = len(bxpstats)
    datashape_message = (""List of boxplot statistics and `{0}` ""
                         ""values must have same the length"")
    # check position
    if positions is None:
        positions = list(range(1, N + 1))
    elif len(positions)!= N:
        raise ValueError(datashape_message.format(""positions""))

    positions = np.array(positions)
    if len(positions) > 0 and not isinstance(positions[0], Number):
        raise TypeError(""positions should be an iterable of numbers"")

    # width
    if widths is None:
        widths = [np.clip(0.15 * np.ptp(positions), 0.15, 0.5)] * N
    elif np.isscalar(widths):
        widths = [widths] * N
    elif len(widths)!= N:
        raise ValueError(datashape_message.format(""widths""))

    for pos, width, stats in zip(positions, widths, bxpstats):
        # try to find a new label
        datalabels.append(stats.get('label', pos))

        # whisker coords
        whisker_x = np.ones(2) * pos
        whiskerlo_y = np.array([stats['q1'], stats['whislo']])
        whiskerhi_y = np.array([stats['q3'], stats['whishi']])

        # cap coords
        cap_left = pos - width * 0.25
        cap_right = pos + width * 0.25
        cap_x = np.array([cap_left, cap_right])
        cap_lo = np.ones(2) * stats['whislo']
        cap_hi = np.ones(2) * stats['whishi']

        # box and median coords
        box_left = pos - width * 0.5
        box_right = pos + width * 0.5
        med_y = [stats['med'], stats['med']]

        # notched boxes
        if shownotches:
            box_x = [box_left, box_right, box_right, cap_right, box_right,
                     box_right, box_left, box_left, cap_left, box_left,
                     box_left]
            box_y = [stats['q1'], stats['q1'], stats['cilo'],
                     stats['med'], stats['cihi'], stats['q3'],
                     stats['q3'], stats['cihi'], stats['med'],
                     stats['cilo'], stats['q1']]
            med_x = cap_x

        # plain boxes
        else:
            box_x = [box_left, box_right, box_right, box_left, box_left]
            box_y = [stats['q1'], stats['q1'], stats['q3'], stats['q3'],
                     stats['q1']]
            med_x = [box_left, box_right]

        # maybe draw the box:
        if showbox:
            if patch_artist:
                boxes.extend(dopatch(box_x, box_y, **final_boxprops))
            else:
                boxes.extend(doplot(box_x, box_y, **final_boxprops))

        # draw the whiskers
        whiskers.extend(doplot(
            whisker_x, whiskerlo_y, **final_whiskerprops
        ))
        whiskers.extend(doplot(
            whisker_x, whiskerhi_y, **final_whiskerprops
        ))

        # maybe draw the caps:
        if showcaps:
            caps.extend(doplot(cap_x, cap_lo, **final_capprops))
            caps.extend(doplot(cap_x, cap_hi, **final_capprops))

        # draw the medians
        medians.extend(doplot(med_x, med_y, **final_medianprops))

        # maybe draw the means
        if showmeans:
            if meanline:
                means.extend(doplot(
                    [box_left, box_right], [stats['mean'], stats['mean']],
                    **final_meanprops
                ))
            else:
                means.extend(doplot(
                    [pos], [stats['mean']], **final_meanprops
                ))

        # maybe draw the fliers
        if showfliers:
            # fliers coords
            flier_x = np.full(len(stats['fliers']), pos, dtype=np.float64)
            flier_y = stats['fliers']

            fliers.extend(doplot(
                flier_x, flier_y, **final_flierprops
            ))

    if manage_ticks:
        axis_name = ""x"" if vert else ""y""
        interval = getattr(self.dataLim, f""interval{axis_name}"")
        axis = getattr(self, f""{axis_name}axis"")
        positions = axis.convert_units(positions)
        # The 0.5 additional padding ensures reasonable-looking boxes
        # even when drawing a single box.  We set the sticky edge to
        # prevent margins expansion, in order to match old behavior (back
        # when separate calls to boxplot() would completely reset the axis
        # limits regardless of what was drawn before).  The sticky edges
        # are attached to the median lines, as they are always present.
        interval[:] = (min(interval[0], min(positions) -.5),
                       max(interval[1], max(positions) +.5))
        for median, position in zip(medians, positions):
            getattr(median.sticky_edges, axis_name).extend(
                [position -.5, position +.5])
        # Modified from Axis.set_ticks and Axis.set_ticklabels.
        locator = axis.get_major_locator()
        if not isinstance(axis.get_major_locator(),
                          mticker.FixedLocator):
            locator = mticker.FixedLocator([])
            axis.set_major_locator(locator)
        locator.locs = np.array([*locator.locs, *positions])
        formatter = axis.get_major_formatter()
        if not isinstance(axis.get_major_formatter(),
                          mticker.FixedFormatter):
            formatter = mticker.FixedFormatter([])
            axis.set_major_formatter(formatter)
        formatter.seq = [*formatter.seq, *datalabels]

        self._request_autoscale_view(
            scalex=self._autoscaleXon, scaley=self._autoscaleYon)

    return dict(whiskers=whiskers, caps=caps, boxes=boxes,
                medians=medians, fliers=fliers, means=means)
```",
