bug_id,bug_description,buggy_code,patch_diff,tests_pass
matplotlib-21-v0_llama-0,UNKNOWN,UNKNOWN,"```python
@cbook._rename_parameter(""3.1"", ""manage_xticks"", ""manage_ticks"")
def bxp(self, bxpstats, positions=None, widths=None, vert=True,
        patch_artist=False, shownotches=False, showmeans=False,
        showcaps=True, showbox=True, showfliers=True,
        boxprops=None, whiskerprops=None, flierprops=None,
        medianprops=None, capprops=None, meanprops=None,
        meanline=False, manage_ticks=True, zorder=None):
    """"""
    Drawing function for box and whisker plots.

    Make a box and whisker plot for each column of *x* or each
    vector in sequence *x*.  The box extends from the lower to
    upper quartile values of the data, with a line at the median.
    The whiskers extend from the box to show the range of the
    data.  Flier points are those past the end of the whiskers.

    Parameters
    ----------
    bxpstats : list of dicts
      A list of dictionaries containing stats for each boxplot.
      Required keys are:

      - ``med``: The median (scalar float).

      - ``q1``: The first quartile (25th percentile) (scalar
        float).

      - ``q3``: The third quartile (75th percentile) (scalar
        float).

      - ``whislo``: Lower bound of the lower whisker (scalar
        float).

      - ``whishi``: Upper bound of the upper whisker (scalar
        float).

      Optional keys are:

      - ``mean``: The mean (scalar float). Needed if
        ``showmeans=True``.

      - ``fliers``: Data beyond the whiskers (sequence of floats).
        Needed if ``showfliers=True``.

      - ``cilo`` & ``cihi``: Lower and upper confidence intervals
        about the median. Needed if ``shownotches=True``.

      - ``label``: Name of the dataset (string). If available,
        this will be used a tick label for the boxplot

    positions : array-like, default: [1, 2,..., n]
      Sets the positions of the boxes. The ticks and limits
      are automatically set to match the positions.

    widths : array-like, default: None
      Either a scalar or a vector and sets the width of each
      box. The default is ``0.15*(distance between extreme
      positions)``, clipped to no less than 0.15 and no more than
      0.5.

    vert : bool, default: True
      If `True` (default), makes the boxes vertical.  If `False`,
      makes horizontal boxes.

    patch_artist : bool, default: False
      If `False` produces boxes with the `.Line2D` artist.
      If `True` produces boxes with the `~matplotlib.patches.Patch` artist.

    shownotches : bool, default: False
      If `False` (default), produces a rectangular box plot.
      If `True`, will produce a notched box plot

    showmeans : bool, default: False
      If `True`, will toggle on the rendering of the means

    showcaps  : bool, default: True
      If `True`, will toggle on the rendering of the caps

    showbox  : bool, default: True
      If `True`, will toggle on the rendering of the box

    showfliers : bool, default: True
      If `True`, will toggle on the rendering of the fliers

    boxprops : dict or None (default)
      If provided, will set the plotting style of the boxes

    whiskerprops : dict or None (default)
      If provided, will set the plotting style of the whiskers

    capprops : dict or None (default)
      If provided, will set the plotting style of the caps

    flierprops : dict or None (default)
      If provided will set the plotting style of the fliers

    medianprops : dict or None (default)
      If provided, will set the plotting style of the medians

    meanprops : dict or None (default)
      If provided, will set the plotting style of the means

    meanline : bool, default: False
      If `True` (and *showmeans* is `True`), will try to render the mean
      as a line spanning the full width of the box according to
      *meanprops*. Not recommended if *shownotches* is also True.
      Otherwise, means will be shown as points.

    manage_ticks : bool, default: True
      If True, the tick locations and labels will be adjusted to match the
      boxplot positions.

    zorder : scalar, default: None
      The zorder of the resulting boxplot.

    Returns
    -------
    result : dict
      A dictionary mapping each component of the boxplot to a list
      of the `.Line2D` instances created. That dictionary has the
      following keys (assuming vertical boxplots):

      - ``boxes``: the main body of the boxplot showing the
        quartiles and the median's confidence intervals if
        enabled.

      - ``medians``: horizontal lines at the median of each box.

      - ``whiskers``: the vertical lines extending to the most
        extreme, non-outlier data points.

      - ``caps``: the horizontal lines at the ends of the
        whiskers.

      - ``fliers``: points representing data that extend beyond
        the whiskers (fliers).

      - ``means``: points or lines representing the means.

    Examples
    --------
   .. plot:: gallery/statistics/bxp.py

    """"""
    # lists of artists to be output
    whiskers = []
    caps = []
    boxes = []
    medians = []
    means = []
    fliers = []

    # empty list of xticklabels
    datalabels = []

    # Use default zorder if none specified
    if zorder is None:
        zorder = mlines.Line2D.zorder

    zdelta = 0.1

    def line_props_with_rcdefaults(subkey, explicit, zdelta=0):
        d = {k.split('.')[-1]: v for k, v in rcParams.items()
             if k.startswith(f'boxplot.{subkey}')}
        d['zorder'] = zorder + zdelta
        use_marker = False
        if subkey in ['flierprops', 'meanprops']:
            use_marker = True
        if explicit is not None:
            d.update(
                cbook.normalize_kwargs(explicit, mlines.Line2D._alias_map))
        if not use_marker:
            d['marker'] = ''
        return d

    # box properties
    if patch_artist:
        final_boxprops = dict(
            linestyle=rcParams['boxplot.boxprops.linestyle'],
            linewidth=rcParams['boxplot.boxprops.linewidth'],
            edgecolor=rcParams['boxplot.boxprops.color'],
            facecolor=('white' if rcParams['_internal.classic_mode'] else
                       rcParams['patch.facecolor']),
            zorder=zorder,
        )
        if boxprops is not None:
            final_boxprops.update(
                cbook.normalize_kwargs(
                    boxprops, mpatches.PathPatch._alias_map))
    else:
        final_boxprops = line_props_with_rcdefaults('boxprops', boxprops)
    final_whiskerprops = line_props_with_rcdefaults(
        'whiskerprops', whiskerprops)
    final_capprops = line_props_with_rcdefaults(
        'capprops', capprops)
    final_flierprops = line_props_with_rcdefaults(
        'flierprops', flierprops)
    final_medianprops = line_props_with_rcdefaults(
        'medianprops', medianprops, zdelta)
    final_meanprops = line_props_with_rcdefaults(
        'meanprops', meanprops, zdelta)
    removed_prop = 'marker' if meanline else 'linestyle'
    # Only remove the property if it's not set explicitly as a parameter.
    if meanprops is None or removed_prop not in meanprops:
        final_meanprops[removed_prop] = ''

    def to_vc(xs, ys):
        # convert arguments to verts and codes, append (0, 0) (ignored).
        verts = np.append(np.column_stack([xs, ys]), [(0, 0)], 0)
        codes = ([mpath.Path.MOVETO]
                 + [mpath.Path.LINETO] * (len(verts) - 2)
                 + [mpath.Path.CLOSEPOLY])
        return verts, codes

    def patch_list(xs, ys, **kwargs):
        verts, codes = to_vc(xs, ys)
        path = mpath.Path(verts, codes)
        patch = mpatches.PathPatch(path, **kwargs)
        self.add_artist(patch)
        return [patch]

    # vertical or horizontal plot?
    if vert:
        def doplot(*args, **kwargs):
            return self.plot(*args, **kwargs)

        def dopatch(xs, ys, **kwargs):
            return patch_list(xs, ys, **kwargs)

    else:
        def doplot(*args, **kwargs):
            shuffled = []
            for i in range(0, len(args), 2):
                shuffled.extend([args[i + 1], args[i]])
            return self.plot(*shuffled, **kwargs)

        def dopatch(xs, ys, **kwargs):
            xs, ys = ys, xs  # flip X, Y
            return patch_list(xs, ys, **kwargs)

    # input validation
    N = len(bxpstats)
    datashape_message = (""List of boxplot statistics and `{0}` ""
                         ""values must have same the length"")
    # check position
    if positions is None:
        positions = list(range(1, N + 1))
    elif len(positions)!= N:
        raise ValueError(datashape_message.format(""positions""))

    positions = np.array(positions)
    if len(positions) > 0 and not isinstance(positions[0], Number):
        raise TypeError(""positions should be an iterable of numbers"")

    # width
    if widths is None:
        widths = [np.clip(0.15 * np.ptp(positions), 0.15, 0.5)] * N
    elif np.isscalar(widths):
        widths = [widths] * N
    elif len(widths)!= N:
        raise ValueError(datashape_message.format(""widths""))

    for pos, width, stats in zip(positions, widths, bxpstats):
        # try to find a new label
        datalabels.append(stats.get('label', pos))

        # whisker coords
        whisker_x = np.ones(2) * pos
        whiskerlo_y = np.array([stats['q1'], stats['whislo']])
        whiskerhi_y = np.array([stats['q3'], stats['whishi']])

        # cap coords
        cap_left = pos - width * 0.25
        cap_right = pos + width * 0.25
        cap_x = np.array([cap_left, cap_right])
        cap_lo = np.ones(2) * stats['whislo']
        cap_hi = np.ones(2) * stats['whishi']

        # box and median coords
        box_left = pos - width * 0.5
        box_right = pos + width * 0.5
        med_y = [stats['med'], stats['med']]

        # notched boxes
        if shownotches:
            box_x = [box_left, box_right, box_right, cap_right, box_right,
                     box_right, box_left, box_left, cap_left, box_left,
                     box_left]
            box_y = [stats['q1'], stats['q1'], stats['cilo'],
                     stats['med'], stats['cihi'], stats['q3'],
                     stats['q3'], stats['cihi'], stats['med'],
                     stats['cilo'], stats['q1']]
            med_x = cap_x

        # plain boxes
        else:
            box_x = [box_left, box_right, box_right, box_left, box_left]
            box_y = [stats['q1'], stats['q1'], stats['q3'], stats['q3'],
                     stats['q1']]
            med_x = [box_left, box_right]

        # maybe draw the box:
        if showbox:
            if patch_artist:
                boxes.extend(dopatch(box_x, box_y, **final_boxprops))
            else:
                boxes.extend(doplot(box_x, box_y, **final_boxprops))

        # draw the whiskers
        whiskers.extend(doplot(
            whisker_x, whiskerlo_y, **final_whiskerprops
        ))
        whiskers.extend(doplot(
            whisker_x, whiskerhi_y, **final_whiskerprops
        ))

        # maybe draw the caps:
        if showcaps:
            caps.extend(doplot(cap_x, cap_lo, **final_capprops))
            caps.extend(doplot(cap_x, cap_hi, **final_capprops))

        # draw the medians
        medians.extend(doplot(med_x, med_y, **final_medianprops))

        # maybe draw the means
        if showmeans:
            if meanline:
                means.extend(doplot(
                    [box_left, box_right], [stats['mean'], stats['mean']],
                    **final_meanprops
                ))
            else:
                means.extend(doplot(
                    [pos], [stats['mean']], **final_meanprops
                ))

        # maybe draw the fliers
        if showfliers:
            # fliers coords
            flier_x = np.full(len(stats['fliers']), pos, dtype=np.float64)
            flier_y = stats['fliers']

            fliers.extend(doplot(
                flier_x, flier_y, **final_flierprops
            ))

    if manage_ticks:
        axis_name = ""x"" if vert else ""y""
        interval = getattr(self.dataLim, f""interval{axis_name}"")
        axis = getattr(self, f""{axis_name}axis"")
        positions = axis.convert_units(positions)
        # The 0.5 additional padding ensures reasonable-looking boxes
        # even when drawing a single box.  We set the sticky edge to
        # prevent margins expansion, in order to match old behavior (back
        # when separate calls to boxplot() would completely reset the axis
        # limits regardless of what was drawn before).  The sticky edges
        # are attached to the median lines, as they are always present.
        interval[:] = (min(interval[0], min(positions) -.5),
                       max(interval[1], max(positions) +.5))
        for median, position in zip(medians, positions):
            getattr(median.sticky_edges, axis_name).extend(
                [position -.5, position +.5])
        # Modified from Axis.set_ticks and Axis.set_ticklabels.
        locator = axis.get_major_locator()
        if not isinstance(axis.get_major_locator(),
                          mticker.FixedLocator):
            locator = mticker.FixedLocator([])
            axis.set_major_locator(locator)
        locator.locs = np.array([*locator.locs, *positions])
        formatter = axis.get_major_formatter()
        if not isinstance(axis.get_major_formatter(),
                          mticker.FixedFormatter):
            formatter = mticker.FixedFormatter([])
            axis.set_major_formatter(formatter)
        formatter.seq = [*formatter.seq, *datalabels]

        self._request_autoscale_view(
            scalex=self._autoscaleXon, scaley=self._autoscaleYon)

    return dict(whiskers=whiskers, caps=caps, boxes=boxes,
                medians=medians, fliers=fliers, means=means)
```",
matplotlib-21-v0_llama-1,UNKNOWN,UNKNOWN,"### Step-by-step analysis of the problem:
1. **Understanding the issue**: The bug arises from the fact that setting `lines.marker` in `matplotlibrc` also sets markers in boxplots, which is an unexpected behavior. The test case `test_boxplot_marker_behavior` fails because it expects the marker for whiskers, caps, boxes, and medians to be an empty string, but instead, it gets the marker set in `lines.marker`.

2. **Locating the problem**: The problem lies in how the `line_props_with_rcdefaults` function retrieves properties from `rcParams`. It does not override the `marker` property with an empty string when creating properties for boxplot components that should not have markers.

3. **Identifying the fix**: To fix the issue, we need to ensure that when creating properties for boxplot components that should not have markers (like whiskers, caps, boxes, and medians), the `marker` property is explicitly set to an empty string, overriding any default set in `lines.marker`.

4. **Applying the fix**: The fix involves modifying the `line_props_with_rcdefaults` function to include the `marker` property as an empty string when the component is not expected to have a marker.

### Fixed solution:
```python
@cbook._rename_parameter(""3.1"", ""manage_xticks"", ""manage_ticks"")
def bxp(self, bxpstats, positions=None, widths=None, vert=True,
        patch_artist=False, shownotches=False, showmeans=False,
        showcaps=True, showbox=True, showfliers=True,
        boxprops=None, whiskerprops=None, flierprops=None,
        medianprops=None, capprops=None, meanprops=None,
        meanline=False, manage_ticks=True, zorder=None):
    #...

    def line_props_with_rcdefaults(subkey, explicit, zdelta=0, use_marker=True):
        d = {k.split('.')[-1]: v for k, v in rcParams.items()
             if k.startswith(f'boxplot.{subkey}')}
        d['zorder'] = zorder + zdelta
        if not use_marker:
            d['marker'] = ''
        if explicit is not None:
            d.update(
                cbook.normalize_kwargs(explicit, mlines.Line2D._alias_map))
        return d

    # box properties
    if patch_artist:
        final_boxprops = dict(
            linestyle=rcParams['boxplot.boxprops.linestyle'],
            linewidth=rcParams['boxplot.boxprops.linewidth'],
            edgecolor=rcParams['boxplot.boxprops.color'],
            facecolor=('white' if rcParams['_internal.classic_mode'] else
                       rcParams['patch.facecolor']),
            zorder=zorder,
        )
        if boxprops is not None:
            final_boxprops.update(
                cbook.normalize_kwargs(
                    boxprops, mpatches.PathPatch._alias_map))
    else:
        final_boxprops = line_props_with_rcdefaults('boxprops', boxprops, use_marker=False)
    final_whiskerprops = line_props_with_rcdefaults('whiskerprops', whiskerprops, use_marker=False)
    final_capprops = line_props_with_rcdefaults('capprops', capprops, use_marker=False)
    final_flierprops = line_props_with_rcdefaults('flierprops', flierprops)
    final_medianprops = line_props_with_rcdefaults('medianprops', medianprops, zdelta=zdelta, use_marker=False)
    final_meanprops = line_props_with_rcdefaults('meanprops', meanprops, zdelta=zdelta)
    #...
```

### Explanation of changes:
*   Added a `use_marker` parameter to `line_props_with_rcdefaults` to allow specifying whether a marker should be used or not.
*   When `use_marker` is `False`, explicitly set `d['marker']` to an empty string to override any marker set in `lines.marker`.
*   Modified calls to `line_props_with_rcdefaults` for `final_boxprops`, `final_whiskerprops`, `final_capprops`, and `final_medianprops` to pass `use_marker=False` to prevent these components from having markers.

### Tests and example uses:
The provided test case `test_boxplot_marker_behavior` should pass with the modified `bxp` function. The test checks that the markers for whiskers, caps, boxes, and medians are empty strings when `lines.marker` is set in `matplotlibrc`, while the markers for fliers and means are correctly set according to their respective properties.",
matplotlib-21-v0_llama-2,UNKNOWN,UNKNOWN,"```python
@cbook._rename_parameter(""3.1"", ""manage_xticks"", ""manage_ticks"")
def bxp(self, bxpstats, positions=None, widths=None, vert=True,
        patch_artist=False, shownotches=False, showmeans=False,
        showcaps=True, showbox=True, showfliers=True,
        boxprops=None, whiskerprops=None, flierprops=None,
        medianprops=None, capprops=None, meanprops=None,
        meanline=False, manage_ticks=True, zorder=None):
    """"""
    Drawing function for box and whisker plots.

    Make a box and whisker plot for each column of *x* or each
    vector in sequence *x*.  The box extends from the lower to
    upper quartile values of the data, with a line at the median.
    The whiskers extend from the box to show the range of the
    data.  Flier points are those past the end of the whiskers.

    Parameters
    ----------
    bxpstats : list of dicts
      A list of dictionaries containing stats for each boxplot.
      Required keys are:

      - ``med``: The median (scalar float).

      - ``q1``: The first quartile (25th percentile) (scalar
        float).

      - ``q3``: The third quartile (75th percentile) (scalar
        float).

      - ``whislo``: Lower bound of the lower whisker (scalar
        float).

      - ``whishi``: Upper bound of the upper whisker (scalar
        float).

      Optional keys are:

      - ``mean``: The mean (scalar float). Needed if
        ``showmeans=True``.

      - ``fliers``: Data beyond the whiskers (sequence of floats).
        Needed if ``showfliers=True``.

      - ``cilo`` & ``cihi``: Lower and upper confidence intervals
        about the median. Needed if ``shownotches=True``.

      - ``label``: Name of the dataset (string). If available,
        this will be used a tick label for the boxplot

    positions : array-like, default: [1, 2,..., n]
      Sets the positions of the boxes. The ticks and limits
      are automatically set to match the positions.

    widths : array-like, default: None
      Either a scalar or a vector and sets the width of each
      box. The default is ``0.15*(distance between extreme
      positions)``, clipped to no less than 0.15 and no more than
      0.5.

    vert : bool, default: True
      If `True` (default), makes the boxes vertical.  If `False`,
      makes horizontal boxes.

    patch_artist : bool, default: False
      If `False` produces boxes with the `.Line2D` artist.
      If `True` produces boxes with the `~matplotlib.patches.Patch` artist.

    shownotches : bool, default: False
      If `False` (default), produces a rectangular box plot.
      If `True`, will produce a notched box plot

    showmeans : bool, default: False
      If `True`, will toggle on the rendering of the means

    showcaps  : bool, default: True
      If `True`, will toggle on the rendering of the caps

    showbox  : bool, default: True
      If `True`, will toggle on the rendering of the box

    showfliers : bool, default: True
      If `True`, will toggle on the rendering of the fliers

    boxprops : dict or None (default)
      If provided, will set the plotting style of the boxes

    whiskerprops : dict or None (default)
      If provided, will set the plotting style of the whiskers

    capprops : dict or None (default)
      If provided, will set the plotting style of the caps

    flierprops : dict or None (default)
      If provided will set the plotting style of the fliers

    medianprops : dict or None (default)
      If provided, will set the plotting style of the medians

    meanprops : dict or None (default)
      If provided, will set the plotting style of the means

    meanline : bool, default: False
      If `True` (and *showmeans* is `True`), will try to render the mean
      as a line spanning the full width of the box according to
      *meanprops*. Not recommended if *shownotches* is also True.
      Otherwise, means will be shown as points.

    manage_ticks : bool, default: True
      If True, the tick locations and labels will be adjusted to match the
      boxplot positions.

    zorder : scalar, default: None
      The zorder of the resulting boxplot.

    Returns
    -------
    result : dict
      A dictionary mapping each component of the boxplot to a list
      of the `.Line2D` instances created. That dictionary has the
      following keys (assuming vertical boxplots):

      - ``boxes``: the main body of the boxplot showing the
        quartiles and the median's confidence intervals if
        enabled.

      - ``medians``: horizontal lines at the median of each box.

      - ``whiskers``: the vertical lines extending to the most
        extreme, non-outlier data points.

      - ``caps``: the horizontal lines at the ends of the
        whiskers.

      - ``fliers``: points representing data that extend beyond
        the whiskers (fliers).

      - ``means``: points or lines representing the means.

    Examples
    --------
   .. plot:: gallery/statistics/bxp.py

    """"""
    # lists of artists to be output
    whiskers = []
    caps = []
    boxes = []
    medians = []
    means = []
    fliers = []

    # empty list of xticklabels
    datalabels = []

    # Use default zorder if none specified
    if zorder is None:
        zorder = mlines.Line2D.zorder

    zdelta = 0.1

    def line_props_with_rcdefaults(subkey, explicit, zdelta=0):
        d = {k.split('.')[-1]: v for k, v in rcParams.items()
             if k.startswith(f'boxplot.{subkey}')}
        d['zorder'] = zorder + zdelta
        use_marker = False
        for key in ['flierprops', 'meanprops']:
            if key == subkey:
                use_marker = True
        if use_marker:
            d['marker'] = rcParams.get(f'lines.marker', '')
        if explicit is not None:
            d.update(
                cbook.normalize_kwargs(explicit, mlines.Line2D._alias_map))
        return d

    # box properties
    if patch_artist:
        final_boxprops = dict(
            linestyle=rcParams['boxplot.boxprops.linestyle'],
            linewidth=rcParams['boxplot.boxprops.linewidth'],
            edgecolor=rcParams['boxplot.boxprops.color'],
            facecolor=('white' if rcParams['_internal.classic_mode'] else
                       rcParams['patch.facecolor']),
            zorder=zorder,
        )
        if boxprops is not None:
            final_boxprops.update(
                cbook.normalize_kwargs(
                    boxprops, mpatches.PathPatch._alias_map))
    else:
        final_boxprops = line_props_with_rcdefaults('boxprops', boxprops)
    final_whiskerprops = line_props_with_rcdefaults(
        'whiskerprops', whiskerprops)
    final_capprops = line_props_with_rcdefaults(
        'capprops', capprops)
    final_flierprops = line_props_with_rcdefaults(
        'flierprops', flierprops)
    final_medianprops = line_props_with_rcdefaults(
        'medianprops', medianprops, zdelta)
    final_meanprops = line_props_with_rcdefaults(
        'meanprops', meanprops, zdelta)
    removed_prop = 'marker' if meanline else 'linestyle'
    # Only remove the property if it's not set explicitly as a parameter.
    if meanprops is None or removed_prop not in meanprops:
        final_meanprops[removed_prop] = ''

    def to_vc(xs, ys):
        # convert arguments to verts and codes, append (0, 0) (ignored).
        verts = np.append(np.column_stack([xs, ys]), [(0, 0)], 0)
        codes = ([mpath.Path.MOVETO]
                 + [mpath.Path.LINETO] * (len(verts) - 2)
                 + [mpath.Path.CLOSEPOLY])
        return verts, codes

    def patch_list(xs, ys, **kwargs):
        verts, codes = to_vc(xs, ys)
        path = mpath.Path(verts, codes)
        patch = mpatches.PathPatch(path, **kwargs)
        self.add_artist(patch)
        return [patch]

    # vertical or horizontal plot?
    if vert:
        def doplot(*args, **kwargs):
            return self.plot(*args, **kwargs)

        def dopatch(xs, ys, **kwargs):
            return patch_list(xs, ys, **kwargs)

    else:
        def doplot(*args, **kwargs):
            shuffled = []
            for i in range(0, len(args), 2):
                shuffled.extend([args[i + 1], args[i]])
            return self.plot(*shuffled, **kwargs)

        def dopatch(xs, ys, **kwargs):
            xs, ys = ys, xs  # flip X, Y
            return patch_list(xs, ys, **kwargs)

    # input validation
    N = len(bxpstats)
    datashape_message = (""List of boxplot statistics and `{0}` ""
                         ""values must have same the length"")
    # check position
    if positions is None:
        positions = list(range(1, N + 1))
    elif len(positions)!= N:
        raise ValueError(datashape_message.format(""positions""))

    positions = np.array(positions)
    if len(positions) > 0 and not isinstance(positions[0], Number):
        raise TypeError(""positions should be an iterable of numbers"")

    # width
    if widths is None:
        widths = [np.clip(0.15 * np.ptp(positions), 0.15, 0.5)] * N
    elif np.isscalar(widths):
        widths = [widths] * N
    elif len(widths)!= N:
        raise ValueError(datashape_message.format(""widths""))

    for pos, width, stats in zip(positions, widths, bxpstats):
        # try to find a new label
        datalabels.append(stats.get('label', pos))

        # whisker coords
        whisker_x = np.ones(2) * pos
        whiskerlo_y = np.array([stats['q1'], stats['whislo']])
        whiskerhi_y = np.array([stats['q3'], stats['whishi']])

        # cap coords
        cap_left = pos - width * 0.25
        cap_right = pos + width * 0.25
        cap_x = np.array([cap_left, cap_right])
        cap_lo = np.ones(2) * stats['whislo']
        cap_hi = np.ones(2) * stats['whishi']

        # box and median coords
        box_left = pos - width * 0.5
        box_right = pos + width * 0.5
        med_y = [stats['med'], stats['med']]

        # notched boxes
        if shownotches:
            box_x = [box_left, box_right, box_right, cap_right, box_right,
                     box_right, box_left, box_left, cap_left, box_left,
                     box_left]
            box_y = [stats['q1'], stats['q1'], stats['cilo'],
                     stats['med'], stats['cihi'], stats['q3'],
                     stats['q3'], stats['cihi'], stats['med'],
                     stats['cilo'], stats['q1']]
            med_x = cap_x

        # plain boxes
        else:
            box_x = [box_left, box_right, box_right, box_left, box_left]
            box_y = [stats['q1'], stats['q1'], stats['q3'], stats['q3'],
                     stats['q1']]
            med_x = [box_left, box_right]

        # maybe draw the box:
        if showbox:
            if patch_artist:
                boxes.extend(dopatch(box_x, box_y, **final_boxprops))
            else:
                boxes.extend(doplot(box_x, box_y, **final_boxprops))

        # draw the whiskers
        whiskers.extend(doplot(
            whisker_x, whiskerlo_y, **final_whiskerprops
        ))
        whiskers.extend(doplot(
            whisker_x, whiskerhi_y, **final_whiskerprops
        ))

        # maybe draw the caps:
        if showcaps:
            caps.extend(doplot(cap_x, cap_lo, **final_capprops))
            caps.extend(doplot(cap_x, cap_hi, **final_capprops))

        # draw the medians
        medians.extend(doplot(med_x, med_y, **final_medianprops))

        # maybe draw the means
        if showmeans:
            if meanline:
                means.extend(doplot(
                    [box_left, box_right], [stats['mean'], stats['mean']],
                    **final_meanprops
                ))
            else:
                means.extend(doplot(
                    [pos], [stats['mean']], **final_meanprops
                ))

        # maybe draw the fliers
        if showfliers:
            # fliers coords
            flier_x = np.full(len(stats['fliers']), pos, dtype=np.float64)
            flier_y = stats['fliers']

            fliers.extend(doplot(
                flier_x, flier_y, **final_flierprops
            ))

    if manage_ticks:
        axis_name = ""x"" if vert else ""y""
        interval = getattr(self.dataLim, f""interval{axis_name}"")
        axis = getattr(self, f""{axis_name}axis"")
        positions = axis.convert_units(positions)
        # The 0.5 additional padding ensures reasonable-looking boxes
        # even when drawing a single box.  We set the sticky edge to
        # prevent margins expansion, in order to match old behavior (back
        # when separate calls to boxplot() would completely reset the axis
        # limits regardless of what was drawn before).  The sticky edges
        # are attached to the median lines, as they are always present.
        interval[:] = (min(interval[0], min(positions) -.5),
                       max(interval[1], max(positions) +.5))
        for median, position in zip(medians, positions):
            getattr(median.sticky_edges, axis_name).extend(
                [position -.5, position +.5])
        # Modified from Axis.set_ticks and Axis.set_ticklabels.
        locator = axis.get_major_locator()
        if not isinstance(axis.get_major_locator(),
                          mticker.FixedLocator):
            locator = mticker.FixedLocator([])
            axis.set_major_locator(locator)
        locator.locs = np.array([*locator.locs, *positions])
        formatter = axis.get_major_formatter()
        if not isinstance(axis.get_major_formatter(),
                          mticker.FixedFormatter):
            formatter = mticker.FixedFormatter([])
            axis.set_major_formatter(formatter)
        formatter.seq = [*formatter.seq, *datalabels]

        self._request_autoscale_view(
            scalex=self._autoscaleXon, scaley=self._autoscaleYon)

    return dict(whiskers=whiskers, caps=caps, boxes=boxes,
                medians=medians, fliers=fliers, means=means)
```",
matplotlib-21-v0_llama-3,UNKNOWN,UNKNOWN,"### Step-by-step analysis of the problem:
1. **Understanding the Bug**: The bug occurs when setting `lines.marker` in `matplotlibrc` also sets markers in boxplots. This should not happen as boxplots should not have markers by default.

2. **Identifying the Cause**: The issue arises from the way `line_props_with_rcdefaults` function handles the `marker` property. When `lines.marker` is set in `matplotlibrc`, it overrides the default marker for all lines, including those in boxplots.

3. **Analyzing the Failing Test**: The test `test_boxplot_marker_behavior` fails because it expects the markers for whiskers, caps, boxes, and medians to be an empty string, but instead, they are set to the value specified in `lines.marker` of `matplotlibrc`.

4. **Determining the Fix**: To fix the bug, we need to ensure that the `marker` property is not set for lines in boxplots when `patch_artist` is `False`. We can do this by adding a check for the `marker` key in the `line_props_with_rcdefaults` function and setting it to an empty string if `patch_artist` is `False` or if the `use_marker` flag is `False`.

### Fixed solution:
```python
@cbook._rename_parameter(""3.1"", ""manage_xticks"", ""manage_ticks"")
def bxp(self, bxpstats, positions=None, widths=None, vert=True,
        patch_artist=False, shownotches=False, showmeans=False,
        showcaps=True, showbox=True, showfliers=True,
        boxprops=None, whiskerprops=None, flierprops=None,
        medianprops=None, capprops=None, meanprops=None,
        meanline=False, manage_ticks=True, zorder=None):
    """"""
    Drawing function for box and whisker plots.

    Make a box and whisker plot for each column of *x* or each
    vector in sequence *x*.  The box extends from the lower to
    upper quartile values of the data, with a line at the median.
    The whiskers extend from the box to show the range of the
    data.  Flier points are those past the end of the whiskers.

    Parameters
    ----------
    bxpstats : list of dicts
      A list of dictionaries containing stats for each boxplot.
      Required keys are:

      - ``med``: The median (scalar float).

      - ``q1``: The first quartile (25th percentile) (scalar
        float).

      - ``q3``: The third quartile (75th percentile) (scalar
        float).

      - ``whislo``: Lower bound of the lower whisker (scalar
        float).

      - ``whishi``: Upper bound of the upper whisker (scalar
        float).

      Optional keys are:

      - ``mean``: The mean (scalar float). Needed if
        ``showmeans=True``.

      - ``fliers``: Data beyond the whiskers (sequence of floats).
        Needed if ``showfliers=True``.

      - ``cilo`` & ``cihi``: Lower and upper confidence intervals
        about the median. Needed if ``shownotches=True``.

      - ``label``: Name of the dataset (string). If available,
        this will be used a tick label for the boxplot

    positions : array-like, default: [1, 2,..., n]
      Sets the positions of the boxes. The ticks and limits
      are automatically set to match the positions.

    widths : array-like, default: None
      Either a scalar or a vector and sets the width of each
      box. The default is ``0.15*(distance between extreme
      positions)``, clipped to no less than 0.15 and no more than
      0.5.

    vert : bool, default: True
      If `True` (default), makes the boxes vertical.  If `False`,
      makes horizontal boxes.

    patch_artist : bool, default: False
      If `False` produces boxes with the `.Line2D` artist.
      If `True` produces boxes with the `~matplotlib.patches.Patch` artist.

    shownotches : bool, default: False
      If `False` (default), produces a rectangular box plot.
      If `True`, will produce a notched box plot

    showmeans : bool, default: False
      If `True`, will toggle on the rendering of the means

    showcaps  : bool, default: True
      If `True`, will toggle on the rendering of the caps

    showbox  : bool, default: True
      If `True`, will toggle on the rendering of the box

    showfliers : bool, default: True
      If `True`, will toggle on the rendering of the fliers

    boxprops : dict or None (default)
      If provided, will set the plotting style of the boxes

    whiskerprops : dict or None (default)
      If provided, will set the plotting style of the whiskers

    capprops : dict or None (default)
      If provided, will set the plotting style of the caps

    flierprops : dict or None (default)
      If provided will set the plotting style of the fliers

    medianprops : dict or None (default)
      If provided, will set the plotting style of the medians

    meanprops : dict or None (default)
      If provided, will set the plotting style of the means

    meanline : bool, default: False
      If `True` (and *showmeans* is `True`), will try to render the mean
      as a line spanning the full width of the box according to
      *meanprops*. Not recommended if *shownotches* is also True.
      Otherwise, means will be shown as points.

    manage_ticks : bool, default: True
      If True, the tick locations and labels will be adjusted to match the
      boxplot positions.

    zorder : scalar, default: None
      The zorder of the resulting boxplot.

    Returns
    -------
    result : dict
      A dictionary mapping each component of the boxplot to a list
      of the `.Line2D` instances created. That dictionary has the
      following keys (assuming vertical boxplots):

      - ``boxes``: the main body of the boxplot showing the
        quartiles and the median's confidence intervals if
        enabled.

      - ``medians``: horizontal lines at the median of each box.

      - ``whiskers``: the vertical lines extending to the most
        extreme, non-outlier data points.

      - ``caps``: the horizontal lines at the ends of the
        whiskers.

      - ``fliers``: points representing data that extend beyond
        the whiskers (fliers).

      - ``means``: points or lines representing the means.

    Examples
    --------
   .. plot:: gallery/statistics/bxp.py

    """"""
    # lists of artists to be output
    whiskers = []
    caps = []
    boxes = []
    medians = []
    means = []
    fliers = []

    # empty list of xticklabels
    datalabels = []

    # Use default zorder if none specified
    if zorder is None:
        zorder = mlines.Line2D.zorder

    zdelta = 0.1

    def line_props_with_rcdefaults(subkey, explicit, zdelta=0, use_marker=True):
        d = {k.split('.')[-1]: v for k, v in rcParams.items()
             if k.startswith(f'boxplot.{subkey}')}
        d['zorder'] = zorder + zdelta
        if not use_marker:
            d['marker'] = ''
        if explicit is not None:
            d.update(
                cbook.normalize_kwargs(explicit, mlines.Line2D._alias_map))
        return d

    # box properties
    if patch_artist:
        final_boxprops = dict(
            linestyle=rcParams['boxplot.boxprops.linestyle'],
            linewidth=rcParams['boxplot.boxprops.linewidth'],
            edgecolor=rcParams['boxplot.boxprops.color'],
            facecolor=('white' if rcParams['_internal.classic_mode'] else
                       rcParams['patch.facecolor']),
            zorder=zorder,
        )
        if boxprops is not None:
            final_boxprops.update(
                cbook.normalize_kwargs(
                    boxprops, mpatches.PathPatch._alias_map))
    else:
        final_boxprops = line_props_with_rcdefaults('boxprops', boxprops, use_marker=False)
    final_whiskerprops = line_props_with_rcdefaults('whiskerprops', whiskerprops, use_marker=False)
    final_capprops = line_props_with_rcdefaults('capprops', capprops, use_marker=False)
    final_flierprops = line_props_with_rcdefaults('flierprops', flierprops)
    final_medianprops = line_props_with_rcdefaults('medianprops', medianprops, zdelta, use_marker=False)
    final_meanprops = line_props_with_rcdefaults('meanprops', meanprops, zdelta)
    removed_prop = 'marker' if meanline else 'linestyle'
    # Only remove the property if it's not set explicitly as a parameter.
    if meanprops is None or removed_prop not in meanprops:
        final_meanprops[removed_prop] = ''

    def to_vc(xs, ys):
        # convert arguments to verts and codes, append (0, 0) (ignored).
        verts = np.append(np.column_stack([xs, ys]), [(0, 0)], 0)
        codes = ([mpath.Path.MOVETO]
                 + [mpath.Path.LINETO] * (len(verts) - 2)
                 + [mpath.Path.CLOSEPOLY])
        return verts, codes

    def patch_list(xs, ys, **kwargs):
        verts, codes = to_vc(xs, ys)
        path = mpath.Path(verts, codes)
        patch = mpatches.PathPatch(path, **kwargs)
        self.add_artist(patch)
        return [patch]

    # vertical or horizontal plot?
    if vert:
        def doplot(*args, **kwargs):
            return self.plot(*args, **kwargs)

        def dopatch(xs, ys, **kwargs):
            return patch_list(xs, ys, **kwargs)

    else:
        def doplot(*args, **kwargs):
            shuffled = []
            for i in range(0, len(args), 2):
                shuffled.extend([args[i + 1], args[i]])
            return self.plot(*shuffled, **kwargs)

        def dopatch(xs, ys, **kwargs):
            xs, ys = ys, xs  # flip X, Y
            return patch_list(xs, ys, **kwargs)

    # input validation
    N = len(bxpstats)
    datashape_message = (""List of boxplot statistics and `{0}` ""
                         ""values must have same the length"")
    # check position
    if positions is None:
        positions = list(range(1, N + 1))
    elif len(positions)!= N:
        raise ValueError(datashape_message.format(""positions""))

    positions = np.array(positions)
    if len(positions) > 0 and not isinstance(positions[0], Number):
        raise TypeError(""positions should be an iterable of numbers"")

    # width
    if widths is None:
        widths = [np.clip(0.15 * np.ptp(positions), 0.15, 0.5)] * N
    elif np.isscalar(widths):
        widths = [widths] * N
    elif len(widths)!= N:
        raise ValueError(datashape_message.format(""widths""))

    for pos, width, stats in zip(positions, widths, bxpstats):
        # try to find a new label
        datalabels.append(stats.get('label', pos))

        # whisker coords
        whisker_x = np.ones(2) * pos
        whiskerlo_y = np.array([stats['q1'], stats['whislo']])
        whiskerhi_y = np.array([stats['q3'], stats['whishi']])

        # cap coords
        cap_left = pos - width * 0.25
        cap_right = pos + width * 0.25
        cap_x = np.array([cap_left, cap_right])
        cap_lo = np.ones(2) * stats['whislo']
        cap_hi = np.ones(2) * stats['whishi']

        # box and median coords
        box_left = pos - width * 0.5
        box_right = pos + width * 0.5
        med_y = [stats['med'], stats['med']]

        # notched boxes
        if shownotches:
            box_x = [box_left, box_right, box_right, cap_right, box_right,
                     box_right, box_left, box_left, cap_left, box_left,
                     box_left]
            box_y = [stats['q1'], stats['q1'], stats['cilo'],
                     stats['med'], stats['cihi'], stats['q3'],
                     stats['q3'], stats['cihi'], stats['med'],
                     stats['cilo'], stats['q1']]
            med_x = cap_x

        # plain boxes
        else:
            box_x = [box_left, box_right, box_right, box_left, box_left]
            box_y = [stats['q1'], stats['q1'], stats['q3'], stats['q3'],
                     stats['q1']]
            med_x = [box_left, box_right]

        # maybe draw the box:
        if showbox:
            if patch_artist:
                boxes.extend(dopatch(box_x, box_y, **final_boxprops))
            else:
                boxes.extend(doplot(box_x, box_y, **final_boxprops))

        # draw the whiskers
        whiskers.extend(doplot(
            whisker_x, whiskerlo_y, **final_whiskerprops
        ))
        whiskers.extend(doplot(
            whisker_x, whiskerhi_y, **final_whiskerprops
        ))

        # maybe draw the caps:
        if showcaps:
            caps.extend(doplot(cap_x, cap_lo, **final_capprops))
            caps.extend(doplot(cap_x, cap_hi, **final_capprops))

        # draw the medians
        medians.extend(doplot(med_x, med_y, **final_medianprops))

        # maybe draw the means
        if showmeans:
            if meanline:
                means.extend(doplot(
                    [box_left, box_right], [stats['mean'], stats['mean']],
                    **final_meanprops
                ))
            else:
                means.extend(doplot(
                    [pos], [stats['mean']], **final_meanprops
                ))

        # maybe draw the fliers
        if showfliers:
            # fliers coords
            flier_x = np.full(len(stats['fliers']), pos, dtype=np.float64)
            flier_y = stats['fliers']

            fliers.extend(doplot(
                flier_x, flier_y, **final_flierprops
            ))

    if manage_ticks:
        axis_name = ""x"" if vert else ""y""
        interval = getattr(self.dataLim, f""interval{axis_name}"")
        axis = getattr(self, f""{axis_name}axis"")
        positions = axis.convert_units(positions)
        # The 0.5 additional padding ensures reasonable-looking boxes
        # even when drawing a single box.  We set the sticky edge to
        # prevent margins expansion, in order to match old behavior (back
        # when separate calls to boxplot() would completely reset the axis
        # limits regardless of what was drawn before).  The sticky edges
        # are attached to the median lines, as they are always present.
        interval[:] = (min(interval[0], min(positions) -.5),
                       max(interval[1], max(positions) +.5))
        for median, position in zip(medians, positions):
            getattr(median.sticky_edges, axis_name).extend(
                [position -.5, position +.5])
        # Modified from Axis.set_ticks and Axis.set_ticklabels.
        locator = axis.get_major_locator()
        if not isinstance(axis.get_major_locator(),
                          mticker.FixedLocator):
            locator = mticker.FixedLocator([])
            axis.set_major_locator(locator)
        locator.locs = np.array([*locator.locs, *positions])
        formatter = axis.get_major_formatter()
        if not isinstance(axis.get_major_formatter(),
                          mticker.FixedFormatter):
            formatter = mticker.FixedFormatter([])
            axis.set_major_formatter(formatter)
        formatter.seq = [*formatter.seq, *datalabels]

        self._request_autoscale_view(
            scalex=self._autoscaleXon, scaley=self._autoscaleYon)

    return dict(whiskers=whiskers, caps=caps, boxes=boxes,
                medians=medians, fliers=fliers, means=means)
```

### Explanation of changes:
* Added a new parameter `use_marker` to the `line_props_with_rcdefaults` function, defaulting to `True`.
* Set `use_marker` to `False` when calling `line_props_with_rcdefaults` for `boxprops`, `whiskerprops`, `capprops`, and `medianprops` to prevent them from inheriting the marker from `lines.marker` in `matplotlibrc`.
* In the `line_props_with_rcdefaults` function, set `d['marker']` to an empty string if `use_marker` is `False`, ensuring that the marker is not applied to these lines.

### Tests and example uses:
* The provided test `test_boxplot_marker_behavior` should now pass with the corrected function.
* Example usage remains the same as before, but now the boxplot lines will not inherit the marker from `lines.marker` in `matplotlibrc`.",
matplotlib-21-v0_llama-4,UNKNOWN,UNKNOWN,"### Step-by-step analysis of the problem:
1. **Identifying the issue**: The problem is that setting `lines.marker` in `matplotlibrc` also sets markers in boxplots, which is not the expected behavior.
2. **Analyzing the code**: In the `bxp` function, the properties for the boxplot elements (such as whiskers, caps, boxes, medians, means, and fliers) are set using the `line_props_with_rcdefaults` function. This function retrieves the default properties from `rcParams` and updates them with the provided explicit properties.
3. **Identifying the bug**: The bug is that the `line_props_with_rcdefaults` function does not override the `marker` property with an empty string (`''`) when `patch_artist` is `False` or when the element is not a flier or mean. This causes the `marker` property from `rcParams` to be used, resulting in markers being drawn for all elements.
4. **Fixing the bug**: To fix the bug, we need to override the `marker` property with an empty string (`''`) for the elements that should not have markers.

### Fixed solution:
```python
@cbook._rename_parameter(""3.1"", ""manage_xticks"", ""manage_ticks"")
def bxp(self, bxpstats, positions=None, widths=None, vert=True,
        patch_artist=False, shownotches=False, showmeans=False,
        showcaps=True, showbox=True, showfliers=True,
        boxprops=None, whiskerprops=None, flierprops=None,
        medianprops=None, capprops=None, meanprops=None,
        meanline=False, manage_ticks=True, zorder=None):
    #...

    def line_props_with_rcdefaults(subkey, explicit, zdelta=0):
        d = {k.split('.')[-1]: v for k, v in rcParams.items()
             if k.startswith(f'boxplot.{subkey}')}
        d['zorder'] = zorder + zdelta
        if explicit is not None:
            d.update(
                cbook.normalize_kwargs(explicit, mlines.Line2D._alias_map))
        # Override marker property with '' for elements that should not have markers
        use_marker = subkey in ['flierprops', 'meanprops']
        if not use_marker:
            d['marker'] = ''
        return d

    #...

    final_boxprops = line_props_with_rcdefaults('boxprops', boxprops)
    final_whiskerprops = line_props_with_rcdefaults('whiskerprops', whiskerprops)
    final_capprops = line_props_with_rcdefaults('capprops', capprops)
    final_flierprops = line_props_with_rcdefaults('flierprops', flierprops)
    final_medianprops = line_props_with_rcdefaults('medianprops', medianprops, zdelta)
    final_meanprops = line_props_with_rcdefaults('meanprops', meanprops, zdelta)

    #...
```

### Explanation of changes:
* **Added a check for `use_marker`**: In the `line_props_with_rcdefaults` function, we added a check to see if the `subkey` is either `'flierprops'` or `'meanprops'`. If it's not, we override the `marker` property with an empty string (`''`).
* **Overridden `marker` property**: We added the line `d['marker'] = ''` to override the `marker` property with an empty string (`''`) for elements that should not have markers.

### Tests and example uses:
* **Test case**: The provided test case `test_boxplot_marker_behavior` should pass with the fixed solution.
* **Example use**: You can use the `bxp` function to create a boxplot with custom properties, and the markers should only be drawn for the fliers and means. For example:
```python
import matplotlib.pyplot as plt
import numpy as np

# Create some data
data = np.random.randn(100)

# Create a boxplot
plt.boxplot(data, showmeans=True)

# Show the plot
plt.show()
```",
matplotlib-21-v0_llama-5,UNKNOWN,UNKNOWN,"```python
@cbook._rename_parameter(""3.1"", ""manage_xticks"", ""manage_ticks"")
def bxp(self, bxpstats, positions=None, widths=None, vert=True,
        patch_artist=False, shownotches=False, showmeans=False,
        showcaps=True, showbox=True, showfliers=True,
        boxprops=None, whiskerprops=None, flierprops=None,
        medianprops=None, capprops=None, meanprops=None,
        meanline=False, manage_ticks=True, zorder=None):
    """"""
    Drawing function for box and whisker plots.

    Make a box and whisker plot for each column of *x* or each
    vector in sequence *x*.  The box extends from the lower to
    upper quartile values of the data, with a line at the median.
    The whiskers extend from the box to show the range of the
    data.  Flier points are those past the end of the whiskers.

    Parameters
    ----------
    bxpstats : list of dicts
      A list of dictionaries containing stats for each boxplot.
      Required keys are:

      - ``med``: The median (scalar float).

      - ``q1``: The first quartile (25th percentile) (scalar
        float).

      - ``q3``: The third quartile (75th percentile) (scalar
        float).

      - ``whislo``: Lower bound of the lower whisker (scalar
        float).

      - ``whishi``: Upper bound of the upper whisker (scalar
        float).

      Optional keys are:

      - ``mean``: The mean (scalar float). Needed if
        ``showmeans=True``.

      - ``fliers``: Data beyond the whiskers (sequence of floats).
        Needed if ``showfliers=True``.

      - ``cilo`` & ``cihi``: Lower and upper confidence intervals
        about the median. Needed if ``shownotches=True``.

      - ``label``: Name of the dataset (string). If available,
        this will be used a tick label for the boxplot

    positions : array-like, default: [1, 2,..., n]
      Sets the positions of the boxes. The ticks and limits
      are automatically set to match the positions.

    widths : array-like, default: None
      Either a scalar or a vector and sets the width of each
      box. The default is ``0.15*(distance between extreme
      positions)``, clipped to no less than 0.15 and no more than
      0.5.

    vert : bool, default: True
      If `True` (default), makes the boxes vertical.  If `False`,
      makes horizontal boxes.

    patch_artist : bool, default: False
      If `False` produces boxes with the `.Line2D` artist.
      If `True` produces boxes with the `~matplotlib.patches.Patch` artist.

    shownotches : bool, default: False
      If `False` (default), produces a rectangular box plot.
      If `True`, will produce a notched box plot

    showmeans : bool, default: False
      If `True`, will toggle on the rendering of the means

    showcaps  : bool, default: True
      If `True`, will toggle on the rendering of the caps

    showbox  : bool, default: True
      If `True`, will toggle on the rendering of the box

    showfliers : bool, default: True
      If `True`, will toggle on the rendering of the fliers

    boxprops : dict or None (default)
      If provided, will set the plotting style of the boxes

    whiskerprops : dict or None (default)
      If provided, will set the plotting style of the whiskers

    capprops : dict or None (default)
      If provided, will set the plotting style of the caps

    flierprops : dict or None (default)
      If provided will set the plotting style of the fliers

    medianprops : dict or None (default)
      If provided, will set the plotting style of the medians

    meanprops : dict or None (default)
      If provided, will set the plotting style of the means

    meanline : bool, default: False
      If `True` (and *showmeans* is `True`), will try to render the mean
      as a line spanning the full width of the box according to
      *meanprops*. Not recommended if *shownotches* is also True.
      Otherwise, means will be shown as points.

    manage_ticks : bool, default: True
      If True, the tick locations and labels will be adjusted to match the
      boxplot positions.

    zorder : scalar, default: None
      The zorder of the resulting boxplot.

    Returns
    -------
    result : dict
      A dictionary mapping each component of the boxplot to a list
      of the `.Line2D` instances created. That dictionary has the
      following keys (assuming vertical boxplots):

      - ``boxes``: the main body of the boxplot showing the
        quartiles and the median's confidence intervals if
        enabled.

      - ``medians``: horizontal lines at the median of each box.

      - ``whiskers``: the vertical lines extending to the most
        extreme, non-outlier data points.

      - ``caps``: the horizontal lines at the ends of the
        whiskers.

      - ``fliers``: points representing data that extend beyond
        the whiskers (fliers).

      - ``means``: points or lines representing the means.

    Examples
    --------
   .. plot:: gallery/statistics/bxp.py

    """"""
    # lists of artists to be output
    whiskers = []
    caps = []
    boxes = []
    medians = []
    means = []
    fliers = []

    # empty list of xticklabels
    datalabels = []

    # Use default zorder if none specified
    if zorder is None:
        zorder = mlines.Line2D.zorder

    zdelta = 0.1

    def line_props_with_rcdefaults(subkey, explicit, zdelta=0):
        d = {k.split('.')[-1]: v for k, v in rcParams.items()
             if k.startswith(f'boxplot.{subkey}')}
        d['zorder'] = zorder + zdelta
        if explicit is not None:
            d.update(
                cbook.normalize_kwargs(explicit, mlines.Line2D._alias_map))
        # Only override the marker with '' if marker is set to 'None' in rcParams
        if subkey not in ['flierprops', 'meanprops'] or 'marker' not in rcParams:
            d['marker'] = ''
        return d

    # box properties
    if patch_artist:
        final_boxprops = dict(
            linestyle=rcParams['boxplot.boxprops.linestyle'],
            linewidth=rcParams['boxplot.boxprops.linewidth'],
            edgecolor=rcParams['boxplot.boxprops.color'],
            facecolor=('white' if rcParams['_internal.classic_mode'] else
                       rcParams['patch.facecolor']),
            zorder=zorder,
        )
        if boxprops is not None:
            final_boxprops.update(
                cbook.normalize_kwargs(
                    boxprops, mpatches.PathPatch._alias_map))
    else:
        final_boxprops = line_props_with_rcdefaults('boxprops', boxprops)
    final_whiskerprops = line_props_with_rcdefaults(
        'whiskerprops', whiskerprops)
    final_capprops = line_props_with_rcdefaults(
        'capprops', capprops)
    final_flierprops = line_props_with_rcdefaults(
        'flierprops', flierprops)
    final_medianprops = line_props_with_rcdefaults(
        'medianprops', medianprops, zdelta)
    final_meanprops = line_props_with_rcdefaults(
        'meanprops', meanprops, zdelta)
    removed_prop = 'marker' if meanline else 'linestyle'
    # Only remove the property if it's not set explicitly as a parameter.
    if meanprops is None or removed_prop not in meanprops:
        final_meanprops[removed_prop] = ''

    def to_vc(xs, ys):
        # convert arguments to verts and codes, append (0, 0) (ignored).
        verts = np.append(np.column_stack([xs, ys]), [(0, 0)], 0)
        codes = ([mpath.Path.MOVETO]
                 + [mpath.Path.LINETO] * (len(verts) - 2)
                 + [mpath.Path.CLOSEPOLY])
        return verts, codes

    def patch_list(xs, ys, **kwargs):
        verts, codes = to_vc(xs, ys)
        path = mpath.Path(verts, codes)
        patch = mpatches.PathPatch(path, **kwargs)
        self.add_artist(patch)
        return [patch]

    # vertical or horizontal plot?
    if vert:
        def doplot(*args, **kwargs):
            return self.plot(*args, **kwargs)

        def dopatch(xs, ys, **kwargs):
            return patch_list(xs, ys, **kwargs)

    else:
        def doplot(*args, **kwargs):
            shuffled = []
            for i in range(0, len(args), 2):
                shuffled.extend([args[i + 1], args[i]])
            return self.plot(*shuffled, **kwargs)

        def dopatch(xs, ys, **kwargs):
            xs, ys = ys, xs  # flip X, Y
            return patch_list(xs, ys, **kwargs)

    # input validation
    N = len(bxpstats)
    datashape_message = (""List of boxplot statistics and `{0}` ""
                         ""values must have same the length"")
    # check position
    if positions is None:
        positions = list(range(1, N + 1))
    elif len(positions)!= N:
        raise ValueError(datashape_message.format(""positions""))

    positions = np.array(positions)
    if len(positions) > 0 and not isinstance(positions[0], Number):
        raise TypeError(""positions should be an iterable of numbers"")

    # width
    if widths is None:
        widths = [np.clip(0.15 * np.ptp(positions), 0.15, 0.5)] * N
    elif np.isscalar(widths):
        widths = [widths] * N
    elif len(widths)!= N:
        raise ValueError(datashape_message.format(""widths""))

    for pos, width, stats in zip(positions, widths, bxpstats):
        # try to find a new label
        datalabels.append(stats.get('label', pos))

        # whisker coords
        whisker_x = np.ones(2) * pos
        whiskerlo_y = np.array([stats['q1'], stats['whislo']])
        whiskerhi_y = np.array([stats['q3'], stats['whishi']])

        # cap coords
        cap_left = pos - width * 0.25
        cap_right = pos + width * 0.25
        cap_x = np.array([cap_left, cap_right])
        cap_lo = np.ones(2) * stats['whislo']
        cap_hi = np.ones(2) * stats['whishi']

        # box and median coords
        box_left = pos - width * 0.5
        box_right = pos + width * 0.5
        med_y = [stats['med'], stats['med']]

        # notched boxes
        if shownotches:
            box_x = [box_left, box_right, box_right, cap_right, box_right,
                     box_right, box_left, box_left, cap_left, box_left,
                     box_left]
            box_y = [stats['q1'], stats['q1'], stats['cilo'],
                     stats['med'], stats['cihi'], stats['q3'],
                     stats['q3'], stats['cihi'], stats['med'],
                     stats['cilo'], stats['q1']]
            med_x = cap_x

        # plain boxes
        else:
            box_x = [box_left, box_right, box_right, box_left, box_left]
            box_y = [stats['q1'], stats['q1'], stats['q3'], stats['q3'],
                     stats['q1']]
            med_x = [box_left, box_right]

        # maybe draw the box:
        if showbox:
            if patch_artist:
                boxes.extend(dopatch(box_x, box_y, **final_boxprops))
            else:
                boxes.extend(doplot(box_x, box_y, **final_boxprops))

        # draw the whiskers
        whiskers.extend(doplot(
            whisker_x, whiskerlo_y, **final_whiskerprops
        ))
        whiskers.extend(doplot(
            whisker_x, whiskerhi_y, **final_whiskerprops
        ))

        # maybe draw the caps:
        if showcaps:
            caps.extend(doplot(cap_x, cap_lo, **final_capprops))
            caps.extend(doplot(cap_x, cap_hi, **final_capprops))

        # draw the medians
        medians.extend(doplot(med_x, med_y, **final_medianprops))

        # maybe draw the means
        if showmeans:
            if meanline:
                means.extend(doplot(
                    [box_left, box_right], [stats['mean'], stats['mean']],
                    **final_meanprops
                ))
            else:
                means.extend(doplot(
                    [pos], [stats['mean']], **final_meanprops
                ))

        # maybe draw the fliers
        if showfliers:
            # fliers coords
            flier_x = np.full(len(stats['fliers']), pos, dtype=np.float64)
            flier_y = stats['fliers']

            fliers.extend(doplot(
                flier_x, flier_y, **final_flierprops
            ))

    if manage_ticks:
        axis_name = ""x"" if vert else ""y""
        interval = getattr(self.dataLim, f""interval{axis_name}"")
        axis = getattr(self, f""{axis_name}axis"")
        positions = axis.convert_units(positions)
        # The 0.5 additional padding ensures reasonable-looking boxes
        # even when drawing a single box.  We set the sticky edge to
        # prevent margins expansion, in order to match old behavior (back
        # when separate calls to boxplot() would completely reset the axis
        # limits regardless of what was drawn before).  The sticky edges
        # are attached to the median lines, as they are always present.
        interval[:] = (min(interval[0], min(positions) -.5),
                       max(interval[1], max(positions) +.5))
        for median, position in zip(medians, positions):
            getattr(median.sticky_edges, axis_name).extend(
                [position -.5, position +.5])
        # Modified from Axis.set_ticks and Axis.set_ticklabels.
        locator = axis.get_major_locator()
        if not isinstance(axis.get_major_locator(),
                          mticker.FixedLocator):
            locator = mticker.FixedLocator([])
            axis.set_major_locator(locator)
        locator.locs = np.array([*locator.locs, *positions])
        formatter = axis.get_major_formatter()
        if not isinstance(axis.get_major_formatter(),
                          mticker.FixedFormatter):
            formatter = mticker.FixedFormatter([])
            axis.set_major_formatter(formatter)
        formatter.seq = [*formatter.seq, *datalabels]

        self._request_autoscale_view(
            scalex=self._autoscaleXon, scaley=self._autoscaleYon)

    return dict(whiskers=whiskers, caps=caps, boxes=boxes,
                medians=medians, fliers=fliers, means=means)
```",
matplotlib-21-v0_llama-6,UNKNOWN,UNKNOWN,"```python
@cbook._rename_parameter(""3.1"", ""manage_xticks"", ""manage_ticks"")
def bxp(self, bxpstats, positions=None, widths=None, vert=True,
        patch_artist=False, shownotches=False, showmeans=False,
        showcaps=True, showbox=True, showfliers=True,
        boxprops=None, whiskerprops=None, flierprops=None,
        medianprops=None, capprops=None, meanprops=None,
        meanline=False, manage_ticks=True, zorder=None):
    """"""
    Drawing function for box and whisker plots.

    Make a box and whisker plot for each column of *x* or each
    vector in sequence *x*.  The box extends from the lower to
    upper quartile values of the data, with a line at the median.
    The whiskers extend from the box to show the range of the
    data.  Flier points are those past the end of the whiskers.

    Parameters
    ----------
    bxpstats : list of dicts
      A list of dictionaries containing stats for each boxplot.
      Required keys are:

      - ``med``: The median (scalar float).

      - ``q1``: The first quartile (25th percentile) (scalar
        float).

      - ``q3``: The third quartile (75th percentile) (scalar
        float).

      - ``whislo``: Lower bound of the lower whisker (scalar
        float).

      - ``whishi``: Upper bound of the upper whisker (scalar
        float).

      Optional keys are:

      - ``mean``: The mean (scalar float). Needed if
        ``showmeans=True``.

      - ``fliers``: Data beyond the whiskers (sequence of floats).
        Needed if ``showfliers=True``.

      - ``cilo`` & ``cihi``: Lower and upper confidence intervals
        about the median. Needed if ``shownotches=True``.

      - ``label``: Name of the dataset (string). If available,
        this will be used a tick label for the boxplot

    positions : array-like, default: [1, 2,..., n]
      Sets the positions of the boxes. The ticks and limits
      are automatically set to match the positions.

    widths : array-like, default: None
      Either a scalar or a vector and sets the width of each
      box. The default is ``0.15*(distance between extreme
      positions)``, clipped to no less than 0.15 and no more than
      0.5.

    vert : bool, default: True
      If `True` (default), makes the boxes vertical.  If `False`,
      makes horizontal boxes.

    patch_artist : bool, default: False
      If `False` produces boxes with the `.Line2D` artist.
      If `True` produces boxes with the `~matplotlib.patches.Patch` artist.

    shownotches : bool, default: False
      If `False` (default), produces a rectangular box plot.
      If `True`, will produce a notched box plot

    showmeans : bool, default: False
      If `True`, will toggle on the rendering of the means

    showcaps  : bool, default: True
      If `True`, will toggle on the rendering of the caps

    showbox  : bool, default: True
      If `True`, will toggle on the rendering of the box

    showfliers : bool, default: True
      If `True`, will toggle on the rendering of the fliers

    boxprops : dict or None (default)
      If provided, will set the plotting style of the boxes

    whiskerprops : dict or None (default)
      If provided, will set the plotting style of the whiskers

    capprops : dict or None (default)
      If provided, will set the plotting style of the caps

    flierprops : dict or None (default)
      If provided will set the plotting style of the fliers

    medianprops : dict or None (default)
      If provided, will set the plotting style of the medians

    meanprops : dict or None (default)
      If provided, will set the plotting style of the means

    meanline : bool, default: False
      If `True` (and *showmeans* is `True`), will try to render the mean
      as a line spanning the full width of the box according to
      *meanprops*. Not recommended if *shownotches* is also True.
      Otherwise, means will be shown as points.

    manage_ticks : bool, default: True
      If True, the tick locations and labels will be adjusted to match the
      boxplot positions.

    zorder : scalar, default: None
      The zorder of the resulting boxplot.

    Returns
    -------
    result : dict
      A dictionary mapping each component of the boxplot to a list
      of the `.Line2D` instances created. That dictionary has the
      following keys (assuming vertical boxplots):

      - ``boxes``: the main body of the boxplot showing the
        quartiles and the median's confidence intervals if
        enabled.

      - ``medians``: horizontal lines at the median of each box.

      - ``whiskers``: the vertical lines extending to the most
        extreme, non-outlier data points.

      - ``caps``: the horizontal lines at the ends of the
        whiskers.

      - ``fliers``: points representing data that extend beyond
        the whiskers (fliers).

      - ``means``: points or lines representing the means.

    Examples
    --------
   .. plot:: gallery/statistics/bxp.py

    """"""
    # lists of artists to be output
    whiskers = []
    caps = []
    boxes = []
    medians = []
    means = []
    fliers = []

    # empty list of xticklabels
    datalabels = []

    # Use default zorder if none specified
    if zorder is None:
        zorder = mlines.Line2D.zorder

    zdelta = 0.1

    def line_props_with_rcdefaults(subkey, explicit, zdelta=0):
        d = {k.split('.')[-1]: v for k, v in rcParams.items()
             if k.startswith(f'boxplot.{subkey}')}
        d['zorder'] = zorder + zdelta
        if explicit is not None:
            d.update(
                cbook.normalize_kwargs(explicit, mlines.Line2D._alias_map))
        return d

    # box properties
    use_marker = False
    if patch_artist:
        final_boxprops = dict(
            linestyle=rcParams['boxplot.boxprops.linestyle'],
            linewidth=rcParams['boxplot.boxprops.linewidth'],
            edgecolor=rcParams['boxplot.boxprops.color'],
            facecolor=('white' if rcParams['_internal.classic_mode'] else
                       rcParams['patch.facecolor']),
            zorder=zorder,
        )
        if boxprops is not None:
            final_boxprops.update(
                cbook.normalize_kwargs(
                    boxprops, mpatches.PathPatch._alias_map))
    else:
        final_boxprops = line_props_with_rcdefaults('boxprops', boxprops)
        final_boxprops['marker'] = ''
        use_marker = True

    final_whiskerprops = line_props_with_rcdefaults(
        'whiskerprops', whiskerprops)
    final_whiskerprops['marker'] = ''
    use_marker = True

    final_capprops = line_props_with_rcdefaults(
        'capprops', capprops)
    final_capprops['marker'] = ''
    use_marker = True

    final_flierprops = line_props_with_rcdefaults(
        'flierprops', flierprops)
    final_medianprops = line_props_with_rcdefaults(
        'medianprops', medianprops, zdelta)
    final_medianprops['marker'] = ''
    use_marker = True

    final_meanprops = line_props_with_rcdefaults(
        'meanprops', meanprops, zdelta)
    removed_prop = 'marker' if meanline else 'linestyle'
    # Only remove the property if it's not set explicitly as a parameter.
    if meanprops is None or removed_prop not in meanprops:
        final_meanprops[removed_prop] = ''

    def to_vc(xs, ys):
        # convert arguments to verts and codes, append (0, 0) (ignored).
        verts = np.append(np.column_stack([xs, ys]), [(0, 0)], 0)
        codes = ([mpath.Path.MOVETO]
                 + [mpath.Path.LINETO] * (len(verts) - 2)
                 + [mpath.Path.CLOSEPOLY])
        return verts, codes

    def patch_list(xs, ys, **kwargs):
        verts, codes = to_vc(xs, ys)
        path = mpath.Path(verts, codes)
        patch = mpatches.PathPatch(path, **kwargs)
        self.add_artist(patch)
        return [patch]

    # vertical or horizontal plot?
    if vert:
        def doplot(*args, **kwargs):
            return self.plot(*args, **kwargs)

        def dopatch(xs, ys, **kwargs):
            return patch_list(xs, ys, **kwargs)

    else:
        def doplot(*args, **kwargs):
            shuffled = []
            for i in range(0, len(args), 2):
                shuffled.extend([args[i + 1], args[i]])
            return self.plot(*shuffled, **kwargs)

        def dopatch(xs, ys, **kwargs):
            xs, ys = ys, xs  # flip X, Y
            return patch_list(xs, ys, **kwargs)

    # input validation
    N = len(bxpstats)
    datashape_message = (""List of boxplot statistics and `{0}` ""
                         ""values must have same the length"")
    # check position
    if positions is None:
        positions = list(range(1, N + 1))
    elif len(positions)!= N:
        raise ValueError(datashape_message.format(""positions""))

    positions = np.array(positions)
    if len(positions) > 0 and not isinstance(positions[0], Number):
        raise TypeError(""positions should be an iterable of numbers"")

    # width
    if widths is None:
        widths = [np.clip(0.15 * np.ptp(positions), 0.15, 0.5)] * N
    elif np.isscalar(widths):
        widths = [widths] * N
    elif len(widths)!= N:
        raise ValueError(datashape_message.format(""widths""))

    for pos, width, stats in zip(positions, widths, bxpstats):
        # try to find a new label
        datalabels.append(stats.get('label', pos))

        # whisker coords
        whisker_x = np.ones(2) * pos
        whiskerlo_y = np.array([stats['q1'], stats['whislo']])
        whiskerhi_y = np.array([stats['q3'], stats['whishi']])

        # cap coords
        cap_left = pos - width * 0.25
        cap_right = pos + width * 0.25
        cap_x = np.array([cap_left, cap_right])
        cap_lo = np.ones(2) * stats['whislo']
        cap_hi = np.ones(2) * stats['whishi']

        # box and median coords
        box_left = pos - width * 0.5
        box_right = pos + width * 0.5
        med_y = [stats['med'], stats['med']]

        # notched boxes
        if shownotches:
            box_x = [box_left, box_right, box_right, cap_right, box_right,
                     box_right, box_left, box_left, cap_left, box_left,
                     box_left]
            box_y = [stats['q1'], stats['q1'], stats['cilo'],
                     stats['med'], stats['cihi'], stats['q3'],
                     stats['q3'], stats['cihi'], stats['med'],
                     stats['cilo'], stats['q1']]
            med_x = cap_x

        # plain boxes
        else:
            box_x = [box_left, box_right, box_right, box_left, box_left]
            box_y = [stats['q1'], stats['q1'], stats['q3'], stats['q3'],
                     stats['q1']]
            med_x = [box_left, box_right]

        # maybe draw the box:
        if showbox:
            if patch_artist:
                boxes.extend(dopatch(box_x, box_y, **final_boxprops))
            else:
                boxes.extend(doplot(box_x, box_y, **final_boxprops))

        # draw the whiskers
        whiskers.extend(doplot(
            whisker_x, whiskerlo_y, **final_whiskerprops
        ))
        whiskers.extend(doplot(
            whisker_x, whiskerhi_y, **final_whiskerprops
        ))

        # maybe draw the caps:
        if showcaps:
            caps.extend(doplot(cap_x, cap_lo, **final_capprops))
            caps.extend(doplot(cap_x, cap_hi, **final_capprops))

        # draw the medians
        medians.extend(doplot(med_x, med_y, **final_medianprops))

        # maybe draw the means
        if showmeans:
            if meanline:
                means.extend(doplot(
                    [box_left, box_right], [stats['mean'], stats['mean']],
                    **final_meanprops
                ))
            else:
                means.extend(doplot(
                    [pos], [stats['mean']], **final_meanprops
                ))

        # maybe draw the fliers
        if showfliers:
            # fliers coords
            flier_x = np.full(len(stats['fliers']), pos, dtype=np.float64)
            flier_y = stats['fliers']

            fliers.extend(doplot(
                flier_x, flier_y, **final_flierprops
            ))

    if manage_ticks:
        axis_name = ""x"" if vert else ""y""
        interval = getattr(self.dataLim, f""interval{axis_name}"")
        axis = getattr(self, f""{axis_name}axis"")
        positions = axis.convert_units(positions)
        # The 0.5 additional padding ensures reasonable-looking boxes
        # even when drawing a single box.  We set the sticky edge to
        # prevent margins expansion, in order to match old behavior (back
        # when separate calls to boxplot() would completely reset the axis
        # limits regardless of what was drawn before).  The sticky edges
        # are attached to the median lines, as they are always present.
        interval[:] = (min(interval[0], min(positions) -.5),
                       max(interval[1], max(positions) +.5))
        for median, position in zip(medians, positions):
            getattr(median.sticky_edges, axis_name).extend(
                [position -.5, position +.5])
        # Modified from Axis.set_ticks and Axis.set_ticklabels.
        locator = axis.get_major_locator()
        if not isinstance(axis.get_major_locator(),
                          mticker.FixedLocator):
            locator = mticker.FixedLocator([])
            axis.set_major_locator(locator)
        locator.locs = np.array([*locator.locs, *positions])
        formatter = axis.get_major_formatter()
        if not isinstance(axis.get_major_formatter(),
                          mticker.FixedFormatter):
            formatter = mticker.FixedFormatter([])
            axis.set_major_formatter(formatter)
        formatter.seq = [*formatter.seq, *datalabels]

        self._request_autoscale_view(
            scalex=self._autoscaleXon, scaley=self._autoscaleYon)

    return dict(whiskers=whiskers, caps=caps, boxes=boxes,
                medians=medians, fliers=fliers, means=means)
```",
matplotlib-21-v0_llama-7,UNKNOWN,UNKNOWN,"```python
@cbook._rename_parameter(""3.1"", ""manage_xticks"", ""manage_ticks"")
def bxp(self, bxpstats, positions=None, widths=None, vert=True,
        patch_artist=False, shownotches=False, showmeans=False,
        showcaps=True, showbox=True, showfliers=True,
        boxprops=None, whiskerprops=None, flierprops=None,
        medianprops=None, capprops=None, meanprops=None,
        meanline=False, manage_ticks=True, zorder=None):
    """"""
    Drawing function for box and whisker plots.

    Make a box and whisker plot for each column of *x* or each
    vector in sequence *x*.  The box extends from the lower to
    upper quartile values of the data, with a line at the median.
    The whiskers extend from the box to show the range of the
    data.  Flier points are those past the end of the whiskers.

    Parameters
    ----------
    bxpstats : list of dicts
      A list of dictionaries containing stats for each boxplot.
      Required keys are:

      - ``med``: The median (scalar float).

      - ``q1``: The first quartile (25th percentile) (scalar
        float).

      - ``q3``: The third quartile (75th percentile) (scalar
        float).

      - ``whislo``: Lower bound of the lower whisker (scalar
        float).

      - ``whishi``: Upper bound of the upper whisker (scalar
        float).

      Optional keys are:

      - ``mean``: The mean (scalar float). Needed if
        ``showmeans=True``.

      - ``fliers``: Data beyond the whiskers (sequence of floats).
        Needed if ``showfliers=True``.

      - ``cilo`` & ``cihi``: Lower and upper confidence intervals
        about the median. Needed if ``shownotches=True``.

      - ``label``: Name of the dataset (string). If available,
        this will be used a tick label for the boxplot

    positions : array-like, default: [1, 2,..., n]
      Sets the positions of the boxes. The ticks and limits
      are automatically set to match the positions.

    widths : array-like, default: None
      Either a scalar or a vector and sets the width of each
      box. The default is ``0.15*(distance between extreme
      positions)``, clipped to no less than 0.15 and no more than
      0.5.

    vert : bool, default: True
      If `True` (default), makes the boxes vertical.  If `False`,
      makes horizontal boxes.

    patch_artist : bool, default: False
      If `False` produces boxes with the `.Line2D` artist.
      If `True` produces boxes with the `~matplotlib.patches.Patch` artist.

    shownotches : bool, default: False
      If `False` (default), produces a rectangular box plot.
      If `True`, will produce a notched box plot

    showmeans : bool, default: False
      If `True`, will toggle on the rendering of the means

    showcaps  : bool, default: True
      If `True`, will toggle on the rendering of the caps

    showbox  : bool, default: True
      If `True`, will toggle on the rendering of the box

    showfliers : bool, default: True
      If `True`, will toggle on the rendering of the fliers

    boxprops : dict or None (default)
      If provided, will set the plotting style of the boxes

    whiskerprops : dict or None (default)
      If provided, will set the plotting style of the whiskers

    capprops : dict or None (default)
      If provided, will set the plotting style of the caps

    flierprops : dict or None (default)
      If provided will set the plotting style of the fliers

    medianprops : dict or None (default)
      If provided, will set the plotting style of the medians

    meanprops : dict or None (default)
      If provided, will set the plotting style of the means

    meanline : bool, default: False
      If `True` (and *showmeans* is `True`), will try to render the mean
      as a line spanning the full width of the box according to
      *meanprops*. Not recommended if *shownotches* is also True.
      Otherwise, means will be shown as points.

    manage_ticks : bool, default: True
      If True, the tick locations and labels will be adjusted to match the
      boxplot positions.

    zorder : scalar, default: None
      The zorder of the resulting boxplot.

    Returns
    -------
    result : dict
      A dictionary mapping each component of the boxplot to a list
      of the `.Line2D` instances created. That dictionary has the
      following keys (assuming vertical boxplots):

      - ``boxes``: the main body of the boxplot showing the
        quartiles and the median's confidence intervals if
        enabled.

      - ``medians``: horizontal lines at the median of each box.

      - ``whiskers``: the vertical lines extending to the most
        extreme, non-outlier data points.

      - ``caps``: the horizontal lines at the ends of the
        whiskers.

      - ``fliers``: points representing data that extend beyond
        the whiskers (fliers).

      - ``means``: points or lines representing the means.

    Examples
    --------
   .. plot:: gallery/statistics/bxp.py

    """"""
    # lists of artists to be output
    whiskers = []
    caps = []
    boxes = []
    medians = []
    means = []
    fliers = []

    # empty list of xticklabels
    datalabels = []

    # Use default zorder if none specified
    if zorder is None:
        zorder = mlines.Line2D.zorder

    zdelta = 0.1

    def line_props_with_rcdefaults(subkey, explicit, zdelta=0):
        d = {k.split('.')[-1]: v for k, v in rcParams.items()
             if k.startswith(f'boxplot.{subkey}')}
        d['zorder'] = zorder + zdelta
        if explicit is not None:
            d.update(
                cbook.normalize_kwargs(explicit, mlines.Line2D._alias_map))
        return d

    # box properties
    use_marker = False
    if patch_artist:
        final_boxprops = dict(
            linestyle=rcParams['boxplot.boxprops.linestyle'],
            linewidth=rcParams['boxplot.boxprops.linewidth'],
            edgecolor=rcParams['boxplot.boxprops.color'],
            facecolor=('white' if rcParams['_internal.classic_mode'] else
                       rcParams['patch.facecolor']),
            zorder=zorder,
        )
        if boxprops is not None:
            final_boxprops.update(
                cbook.normalize_kwargs(
                    boxprops, mpatches.PathPatch._alias_map))
    else:
        final_boxprops = line_props_with_rcdefaults('boxprops', boxprops)
        final_boxprops['marker'] = ''
        use_marker = True

    final_whiskerprops = line_props_with_rcdefaults(
        'whiskerprops', whiskerprops)
    final_whiskerprops['marker'] = ''
    use_marker = True

    final_capprops = line_props_with_rcdefaults(
        'capprops', capprops)
    final_capprops['marker'] = ''
    use_marker = True

    final_flierprops = line_props_with_rcdefaults(
        'flierprops', flierprops)
    final_medianprops = line_props_with_rcdefaults(
        'medianprops', medianprops, zdelta)
    final_medianprops['marker'] = ''
    use_marker = True

    final_meanprops = line_props_with_rcdefaults(
        'meanprops', meanprops, zdelta)
    removed_prop = 'marker' if meanline else 'linestyle'
    # Only remove the property if it's not set explicitly as a parameter.
    if meanprops is None or removed_prop not in meanprops:
        final_meanprops[removed_prop] = ''

    def to_vc(xs, ys):
        # convert arguments to verts and codes, append (0, 0) (ignored).
        verts = np.append(np.column_stack([xs, ys]), [(0, 0)], 0)
        codes = ([mpath.Path.MOVETO]
                 + [mpath.Path.LINETO] * (len(verts) - 2)
                 + [mpath.Path.CLOSEPOLY])
        return verts, codes

    def patch_list(xs, ys, **kwargs):
        verts, codes = to_vc(xs, ys)
        path = mpath.Path(verts, codes)
        patch = mpatches.PathPatch(path, **kwargs)
        self.add_artist(patch)
        return [patch]

    # vertical or horizontal plot?
    if vert:
        def doplot(*args, **kwargs):
            return self.plot(*args, **kwargs)

        def dopatch(xs, ys, **kwargs):
            return patch_list(xs, ys, **kwargs)

    else:
        def doplot(*args, **kwargs):
            shuffled = []
            for i in range(0, len(args), 2):
                shuffled.extend([args[i + 1], args[i]])
            return self.plot(*shuffled, **kwargs)

        def dopatch(xs, ys, **kwargs):
            xs, ys = ys, xs  # flip X, Y
            return patch_list(xs, ys, **kwargs)

    # input validation
    N = len(bxpstats)
    datashape_message = (""List of boxplot statistics and `{0}` ""
                         ""values must have same the length"")
    # check position
    if positions is None:
        positions = list(range(1, N + 1))
    elif len(positions)!= N:
        raise ValueError(datashape_message.format(""positions""))

    positions = np.array(positions)
    if len(positions) > 0 and not isinstance(positions[0], Number):
        raise TypeError(""positions should be an iterable of numbers"")

    # width
    if widths is None:
        widths = [np.clip(0.15 * np.ptp(positions), 0.15, 0.5)] * N
    elif np.isscalar(widths):
        widths = [widths] * N
    elif len(widths)!= N:
        raise ValueError(datashape_message.format(""widths""))

    for pos, width, stats in zip(positions, widths, bxpstats):
        # try to find a new label
        datalabels.append(stats.get('label', pos))

        # whisker coords
        whisker_x = np.ones(2) * pos
        whiskerlo_y = np.array([stats['q1'], stats['whislo']])
        whiskerhi_y = np.array([stats['q3'], stats['whishi']])

        # cap coords
        cap_left = pos - width * 0.25
        cap_right = pos + width * 0.25
        cap_x = np.array([cap_left, cap_right])
        cap_lo = np.ones(2) * stats['whislo']
        cap_hi = np.ones(2) * stats['whishi']

        # box and median coords
        box_left = pos - width * 0.5
        box_right = pos + width * 0.5
        med_y = [stats['med'], stats['med']]

        # notched boxes
        if shownotches:
            box_x = [box_left, box_right, box_right, cap_right, box_right,
                     box_right, box_left, box_left, cap_left, box_left,
                     box_left]
            box_y = [stats['q1'], stats['q1'], stats['cilo'],
                     stats['med'], stats['cihi'], stats['q3'],
                     stats['q3'], stats['cihi'], stats['med'],
                     stats['cilo'], stats['q1']]
            med_x = cap_x

        # plain boxes
        else:
            box_x = [box_left, box_right, box_right, box_left, box_left]
            box_y = [stats['q1'], stats['q1'], stats['q3'], stats['q3'],
                     stats['q1']]
            med_x = [box_left, box_right]

        # maybe draw the box:
        if showbox:
            if patch_artist:
                boxes.extend(dopatch(box_x, box_y, **final_boxprops))
            else:
                boxes.extend(doplot(box_x, box_y, **final_boxprops))

        # draw the whiskers
        whiskers.extend(doplot(
            whisker_x, whiskerlo_y, **final_whiskerprops
        ))
        whiskers.extend(doplot(
            whisker_x, whiskerhi_y, **final_whiskerprops
        ))

        # maybe draw the caps:
        if showcaps:
            caps.extend(doplot(cap_x, cap_lo, **final_capprops))
            caps.extend(doplot(cap_x, cap_hi, **final_capprops))

        # draw the medians
        medians.extend(doplot(med_x, med_y, **final_medianprops))

        # maybe draw the means
        if showmeans:
            if meanline:
                means.extend(doplot(
                    [box_left, box_right], [stats['mean'], stats['mean']],
                    **final_meanprops
                ))
            else:
                means.extend(doplot(
                    [pos], [stats['mean']], **final_meanprops
                ))

        # maybe draw the fliers
        if showfliers:
            # fliers coords
            flier_x = np.full(len(stats['fliers']), pos, dtype=np.float64)
            flier_y = stats['fliers']

            fliers.extend(doplot(
                flier_x, flier_y, **final_flierprops
            ))

    if manage_ticks:
        axis_name = ""x"" if vert else ""y""
        interval = getattr(self.dataLim, f""interval{axis_name}"")
        axis = getattr(self, f""{axis_name}axis"")
        positions = axis.convert_units(positions)
        # The 0.5 additional padding ensures reasonable-looking boxes
        # even when drawing a single box.  We set the sticky edge to
        # prevent margins expansion, in order to match old behavior (back
        # when separate calls to boxplot() would completely reset the axis
        # limits regardless of what was drawn before).  The sticky edges
        # are attached to the median lines, as they are always present.
        interval[:] = (min(interval[0], min(positions) -.5),
                       max(interval[1], max(positions) +.5))
        for median, position in zip(medians, positions):
            getattr(median.sticky_edges, axis_name).extend(
                [position -.5, position +.5])
        # Modified from Axis.set_ticks and Axis.set_ticklabels.
        locator = axis.get_major_locator()
        if not isinstance(axis.get_major_locator(),
                          mticker.FixedLocator):
            locator = mticker.FixedLocator([])
            axis.set_major_locator(locator)
        locator.locs = np.array([*locator.locs, *positions])
        formatter = axis.get_major_formatter()
        if not isinstance(axis.get_major_formatter(),
                          mticker.FixedFormatter):
            formatter = mticker.FixedFormatter([])
            axis.set_major_formatter(formatter)
        formatter.seq = [*formatter.seq, *datalabels]

        self._request_autoscale_view(
            scalex=self._autoscaleXon, scaley=self._autoscaleYon)

    return dict(whiskers=whiskers, caps=caps, boxes=boxes,
                medians=medians, fliers=fliers, means=means)
```",
matplotlib-21-v0_llama-8,UNKNOWN,UNKNOWN,"```python
@cbook._rename_parameter(""3.1"", ""manage_xticks"", ""manage_ticks"")
def bxp(self, bxpstats, positions=None, widths=None, vert=True,
        patch_artist=False, shownotches=False, showmeans=False,
        showcaps=True, showbox=True, showfliers=True,
        boxprops=None, whiskerprops=None, flierprops=None,
        medianprops=None, capprops=None, meanprops=None,
        meanline=False, manage_ticks=True, zorder=None):
    """"""
    Drawing function for box and whisker plots.

    Make a box and whisker plot for each column of *x* or each
    vector in sequence *x*.  The box extends from the lower to
    upper quartile values of the data, with a line at the median.
    The whiskers extend from the box to show the range of the
    data.  Flier points are those past the end of the whiskers.

    Parameters
    ----------
    bxpstats : list of dicts
      A list of dictionaries containing stats for each boxplot.
      Required keys are:

      - ``med``: The median (scalar float).

      - ``q1``: The first quartile (25th percentile) (scalar
        float).

      - ``q3``: The third quartile (75th percentile) (scalar
        float).

      - ``whislo``: Lower bound of the lower whisker (scalar
        float).

      - ``whishi``: Upper bound of the upper whisker (scalar
        float).

      Optional keys are:

      - ``mean``: The mean (scalar float). Needed if
        ``showmeans=True``.

      - ``fliers``: Data beyond the whiskers (sequence of floats).
        Needed if ``showfliers=True``.

      - ``cilo`` & ``cihi``: Lower and upper confidence intervals
        about the median. Needed if ``shownotches=True``.

      - ``label``: Name of the dataset (string). If available,
        this will be used a tick label for the boxplot

    positions : array-like, default: [1, 2,..., n]
      Sets the positions of the boxes. The ticks and limits
      are automatically set to match the positions.

    widths : array-like, default: None
      Either a scalar or a vector and sets the width of each
      box. The default is ``0.15*(distance between extreme
      positions)``, clipped to no less than 0.15 and no more than
      0.5.

    vert : bool, default: True
      If `True` (default), makes the boxes vertical.  If `False`,
      makes horizontal boxes.

    patch_artist : bool, default: False
      If `False` produces boxes with the `.Line2D` artist.
      If `True` produces boxes with the `~matplotlib.patches.Patch` artist.

    shownotches : bool, default: False
      If `False` (default), produces a rectangular box plot.
      If `True`, will produce a notched box plot

    showmeans : bool, default: False
      If `True`, will toggle on the rendering of the means

    showcaps  : bool, default: True
      If `True`, will toggle on the rendering of the caps

    showbox  : bool, default: True
      If `True`, will toggle on the rendering of the box

    showfliers : bool, default: True
      If `True`, will toggle on the rendering of the fliers

    boxprops : dict or None (default)
      If provided, will set the plotting style of the boxes

    whiskerprops : dict or None (default)
      If provided, will set the plotting style of the whiskers

    capprops : dict or None (default)
      If provided, will set the plotting style of the caps

    flierprops : dict or None (default)
      If provided will set the plotting style of the fliers

    medianprops : dict or None (default)
      If provided, will set the plotting style of the medians

    meanprops : dict or None (default)
      If provided, will set the plotting style of the means

    meanline : bool, default: False
      If `True` (and *showmeans* is `True`), will try to render the mean
      as a line spanning the full width of the box according to
      *meanprops*. Not recommended if *shownotches* is also True.
      Otherwise, means will be shown as points.

    manage_ticks : bool, default: True
      If True, the tick locations and labels will be adjusted to match the
      boxplot positions.

    zorder : scalar, default: None
      The zorder of the resulting boxplot.

    Returns
    -------
    result : dict
      A dictionary mapping each component of the boxplot to a list
      of the `.Line2D` instances created. That dictionary has the
      following keys (assuming vertical boxplots):

      - ``boxes``: the main body of the boxplot showing the
        quartiles and the median's confidence intervals if
        enabled.

      - ``medians``: horizontal lines at the median of each box.

      - ``whiskers``: the vertical lines extending to the most
        extreme, non-outlier data points.

      - ``caps``: the horizontal lines at the ends of the
        whiskers.

      - ``fliers``: points representing data that extend beyond
        the whiskers (fliers).

      - ``means``: points or lines representing the means.

    Examples
    --------
   .. plot:: gallery/statistics/bxp.py

    """"""
    # lists of artists to be output
    whiskers = []
    caps = []
    boxes = []
    medians = []
    means = []
    fliers = []

    # empty list of xticklabels
    datalabels = []

    # Use default zorder if none specified
    if zorder is None:
        zorder = mlines.Line2D.zorder

    zdelta = 0.1

    def line_props_with_rcdefaults(subkey, explicit, zdelta=0):
        d = {k.split('.')[-1]: v for k, v in rcParams.items()
             if k.startswith(f'boxplot.{subkey}')}
        d['zorder'] = zorder + zdelta
        use_marker = False
        if explicit is not None:
            if 'marker' in explicit:
                use_marker = True
            d.update(
                cbook.normalize_kwargs(explicit, mlines.Line2D._alias_map))
        if not use_marker:
            d['marker'] = ''
        elif 'marker' not in d:
            d['marker'] = ''
        return d

    # box properties
    if patch_artist:
        final_boxprops = dict(
            linestyle=rcParams['boxplot.boxprops.linestyle'],
            linewidth=rcParams['boxplot.boxprops.linewidth'],
            edgecolor=rcParams['boxplot.boxprops.color'],
            facecolor=('white' if rcParams['_internal.classic_mode'] else
                       rcParams['patch.facecolor']),
            zorder=zorder,
        )
        if boxprops is not None:
            final_boxprops.update(
                cbook.normalize_kwargs(
                    boxprops, mpatches.PathPatch._alias_map))
    else:
        final_boxprops = line_props_with_rcdefaults('boxprops', boxprops)
    final_whiskerprops = line_props_with_rcdefaults(
        'whiskerprops', whiskerprops)
    final_capprops = line_props_with_rcdefaults(
        'capprops', capprops)
    final_flierprops = line_props_with_rcdefaults(
        'flierprops', flierprops)
    final_medianprops = line_props_with_rcdefaults(
        'medianprops', medianprops, zdelta)
    final_meanprops = line_props_with_rcdefaults(
        'meanprops', meanprops, zdelta)
    removed_prop = 'marker' if meanline else 'linestyle'
    # Only remove the property if it's not set explicitly as a parameter.
    if meanprops is None or removed_prop not in meanprops:
        final_meanprops[removed_prop] = ''

    def to_vc(xs, ys):
        # convert arguments to verts and codes, append (0, 0) (ignored).
        verts = np.append(np.column_stack([xs, ys]), [(0, 0)], 0)
        codes = ([mpath.Path.MOVETO]
                 + [mpath.Path.LINETO] * (len(verts) - 2)
                 + [mpath.Path.CLOSEPOLY])
        return verts, codes

    def patch_list(xs, ys, **kwargs):
        verts, codes = to_vc(xs, ys)
        path = mpath.Path(verts, codes)
        patch = mpatches.PathPatch(path, **kwargs)
        self.add_artist(patch)
        return [patch]

    # vertical or horizontal plot?
    if vert:
        def doplot(*args, **kwargs):
            return self.plot(*args, **kwargs)

        def dopatch(xs, ys, **kwargs):
            return patch_list(xs, ys, **kwargs)

    else:
        def doplot(*args, **kwargs):
            shuffled = []
            for i in range(0, len(args), 2):
                shuffled.extend([args[i + 1], args[i]])
            return self.plot(*shuffled, **kwargs)

        def dopatch(xs, ys, **kwargs):
            xs, ys = ys, xs  # flip X, Y
            return patch_list(xs, ys, **kwargs)

    # input validation
    N = len(bxpstats)
    datashape_message = (""List of boxplot statistics and `{0}` ""
                         ""values must have same the length"")
    # check position
    if positions is None:
        positions = list(range(1, N + 1))
    elif len(positions)!= N:
        raise ValueError(datashape_message.format(""positions""))

    positions = np.array(positions)
    if len(positions) > 0 and not isinstance(positions[0], Number):
        raise TypeError(""positions should be an iterable of numbers"")

    # width
    if widths is None:
        widths = [np.clip(0.15 * np.ptp(positions), 0.15, 0.5)] * N
    elif np.isscalar(widths):
        widths = [widths] * N
    elif len(widths)!= N:
        raise ValueError(datashape_message.format(""widths""))

    for pos, width, stats in zip(positions, widths, bxpstats):
        # try to find a new label
        datalabels.append(stats.get('label', pos))

        # whisker coords
        whisker_x = np.ones(2) * pos
        whiskerlo_y = np.array([stats['q1'], stats['whislo']])
        whiskerhi_y = np.array([stats['q3'], stats['whishi']])

        # cap coords
        cap_left = pos - width * 0.25
        cap_right = pos + width * 0.25
        cap_x = np.array([cap_left, cap_right])
        cap_lo = np.ones(2) * stats['whislo']
        cap_hi = np.ones(2) * stats['whishi']

        # box and median coords
        box_left = pos - width * 0.5
        box_right = pos + width * 0.5
        med_y = [stats['med'], stats['med']]

        # notched boxes
        if shownotches:
            box_x = [box_left, box_right, box_right, cap_right, box_right,
                     box_right, box_left, box_left, cap_left, box_left,
                     box_left]
            box_y = [stats['q1'], stats['q1'], stats['cilo'],
                     stats['med'], stats['cihi'], stats['q3'],
                     stats['q3'], stats['cihi'], stats['med'],
                     stats['cilo'], stats['q1']]
            med_x = cap_x

        # plain boxes
        else:
            box_x = [box_left, box_right, box_right, box_left, box_left]
            box_y = [stats['q1'], stats['q1'], stats['q3'], stats['q3'],
                     stats['q1']]
            med_x = [box_left, box_right]

        # maybe draw the box:
        if showbox:
            if patch_artist:
                boxes.extend(dopatch(box_x, box_y, **final_boxprops))
            else:
                boxes.extend(doplot(box_x, box_y, **final_boxprops))

        # draw the whiskers
        whiskers.extend(doplot(
            whisker_x, whiskerlo_y, **final_whiskerprops
        ))
        whiskers.extend(doplot(
            whisker_x, whiskerhi_y, **final_whiskerprops
        ))

        # maybe draw the caps:
        if showcaps:
            caps.extend(doplot(cap_x, cap_lo, **final_capprops))
            caps.extend(doplot(cap_x, cap_hi, **final_capprops))

        # draw the medians
        medians.extend(doplot(med_x, med_y, **final_medianprops))

        # maybe draw the means
        if showmeans:
            if meanline:
                means.extend(doplot(
                    [box_left, box_right], [stats['mean'], stats['mean']],
                    **final_meanprops
                ))
            else:
                means.extend(doplot(
                    [pos], [stats['mean']], **final_meanprops
                ))

        # maybe draw the fliers
        if showfliers:
            # fliers coords
            flier_x = np.full(len(stats['fliers']), pos, dtype=np.float64)
            flier_y = stats['fliers']

            fliers.extend(doplot(
                flier_x, flier_y, **final_flierprops
            ))

    if manage_ticks:
        axis_name = ""x"" if vert else ""y""
        interval = getattr(self.dataLim, f""interval{axis_name}"")
        axis = getattr(self, f""{axis_name}axis"")
        positions = axis.convert_units(positions)
        # The 0.5 additional padding ensures reasonable-looking boxes
        # even when drawing a single box.  We set the sticky edge to
        # prevent margins expansion, in order to match old behavior (back
        # when separate calls to boxplot() would completely reset the axis
        # limits regardless of what was drawn before).  The sticky edges
        # are attached to the median lines, as they are always present.
        interval[:] = (min(interval[0], min(positions) -.5),
                       max(interval[1], max(positions) +.5))
        for median, position in zip(medians, positions):
            getattr(median.sticky_edges, axis_name).extend(
                [position -.5, position +.5])
        # Modified from Axis.set_ticks and Axis.set_ticklabels.
        locator = axis.get_major_locator()
        if not isinstance(axis.get_major_locator(),
                          mticker.FixedLocator):
            locator = mticker.FixedLocator([])
            axis.set_major_locator(locator)
        locator.locs = np.array([*locator.locs, *positions])
        formatter = axis.get_major_formatter()
        if not isinstance(axis.get_major_formatter(),
                          mticker.FixedFormatter):
            formatter = mticker.FixedFormatter([])
            axis.set_major_formatter(formatter)
        formatter.seq = [*formatter.seq, *datalabels]

        self._request_autoscale_view(
            scalex=self._autoscaleXon, scaley=self._autoscaleYon)

    return dict(whiskers=whiskers, caps=caps, boxes=boxes,
                medians=medians, fliers=fliers, means=means)
```",
matplotlib-21-v0_llama-9,UNKNOWN,UNKNOWN,"```python
@cbook._rename_parameter(""3.1"", ""manage_xticks"", ""manage_ticks"")
def bxp(self, bxpstats, positions=None, widths=None, vert=True,
        patch_artist=False, shownotches=False, showmeans=False,
        showcaps=True, showbox=True, showfliers=True,
        boxprops=None, whiskerprops=None, flierprops=None,
        medianprops=None, capprops=None, meanprops=None,
        meanline=False, manage_ticks=True, zorder=None):
    """"""
    Drawing function for box and whisker plots.

    Make a box and whisker plot for each column of *x* or each
    vector in sequence *x*.  The box extends from the lower to
    upper quartile values of the data, with a line at the median.
    The whiskers extend from the box to show the range of the
    data.  Flier points are those past the end of the whiskers.

    Parameters
    ----------
    bxpstats : list of dicts
      A list of dictionaries containing stats for each boxplot.
      Required keys are:

      - ``med``: The median (scalar float).

      - ``q1``: The first quartile (25th percentile) (scalar
        float).

      - ``q3``: The third quartile (75th percentile) (scalar
        float).

      - ``whislo``: Lower bound of the lower whisker (scalar
        float).

      - ``whishi``: Upper bound of the upper whisker (scalar
        float).

      Optional keys are:

      - ``mean``: The mean (scalar float). Needed if
        ``showmeans=True``.

      - ``fliers``: Data beyond the whiskers (sequence of floats).
        Needed if ``showfliers=True``.

      - ``cilo`` & ``cihi``: Lower and upper confidence intervals
        about the median. Needed if ``shownotches=True``.

      - ``label``: Name of the dataset (string). If available,
        this will be used a tick label for the boxplot

    positions : array-like, default: [1, 2,..., n]
      Sets the positions of the boxes. The ticks and limits
      are automatically set to match the positions.

    widths : array-like, default: None
      Either a scalar or a vector and sets the width of each
      box. The default is ``0.15*(distance between extreme
      positions)``, clipped to no less than 0.15 and no more than
      0.5.

    vert : bool, default: True
      If `True` (default), makes the boxes vertical.  If `False`,
      makes horizontal boxes.

    patch_artist : bool, default: False
      If `False` produces boxes with the `.Line2D` artist.
      If `True` produces boxes with the `~matplotlib.patches.Patch` artist.

    shownotches : bool, default: False
      If `False` (default), produces a rectangular box plot.
      If `True`, will produce a notched box plot

    showmeans : bool, default: False
      If `True`, will toggle on the rendering of the means

    showcaps  : bool, default: True
      If `True`, will toggle on the rendering of the caps

    showbox  : bool, default: True
      If `True`, will toggle on the rendering of the box

    showfliers : bool, default: True
      If `True`, will toggle on the rendering of the fliers

    boxprops : dict or None (default)
      If provided, will set the plotting style of the boxes

    whiskerprops : dict or None (default)
      If provided, will set the plotting style of the whiskers

    capprops : dict or None (default)
      If provided, will set the plotting style of the caps

    flierprops : dict or None (default)
      If provided will set the plotting style of the fliers

    medianprops : dict or None (default)
      If provided, will set the plotting style of the medians

    meanprops : dict or None (default)
      If provided, will set the plotting style of the means

    meanline : bool, default: False
      If `True` (and *showmeans* is `True`), will try to render the mean
      as a line spanning the full width of the box according to
      *meanprops*. Not recommended if *shownotches* is also True.
      Otherwise, means will be shown as points.

    manage_ticks : bool, default: True
      If True, the tick locations and labels will be adjusted to match the
      boxplot positions.

    zorder : scalar, default: None
      The zorder of the resulting boxplot.

    Returns
    -------
    result : dict
      A dictionary mapping each component of the boxplot to a list
      of the `.Line2D` instances created. That dictionary has the
      following keys (assuming vertical boxplots):

      - ``boxes``: the main body of the boxplot showing the
        quartiles and the median's confidence intervals if
        enabled.

      - ``medians``: horizontal lines at the median of each box.

      - ``whiskers``: the vertical lines extending to the most
        extreme, non-outlier data points.

      - ``caps``: the horizontal lines at the ends of the
        whiskers.

      - ``fliers``: points representing data that extend beyond
        the whiskers (fliers).

      - ``means``: points or lines representing the means.

    Examples
    --------
   .. plot:: gallery/statistics/bxp.py

    """"""
    # lists of artists to be output
    whiskers = []
    caps = []
    boxes = []
    medians = []
    means = []
    fliers = []

    # empty list of xticklabels
    datalabels = []

    # Use default zorder if none specified
    if zorder is None:
        zorder = mlines.Line2D.zorder

    zdelta = 0.1

    def line_props_with_rcdefaults(subkey, explicit, zdelta=0):
        d = {k.split('.')[-1]: v for k, v in rcParams.items()
             if k.startswith(f'boxplot.{subkey}')}
        d['zorder'] = zorder + zdelta
        if explicit is not None:
            d.update(
                cbook.normalize_kwargs(explicit, mlines.Line2D._alias_map))
        use_marker = subkey in ['flierprops', 'meanprops']
        if not use_marker:
            d['marker'] = ''
        return d, use_marker

    # box properties
    if patch_artist:
        final_boxprops = dict(
            linestyle=rcParams['boxplot.boxprops.linestyle'],
            linewidth=rcParams['boxplot.boxprops.linewidth'],
            edgecolor=rcParams['boxplot.boxprops.color'],
            facecolor=('white' if rcParams['_internal.classic_mode'] else
                       rcParams['patch.facecolor']),
            zorder=zorder,
        )
        if boxprops is not None:
            final_boxprops.update(
                cbook.normalize_kwargs(
                    boxprops, mpatches.PathPatch._alias_map))
    else:
        final_boxprops, _ = line_props_with_rcdefaults('boxprops', boxprops)
    final_whiskerprops, _ = line_props_with_rcdefaults('whiskerprops', whiskerprops)
    final_capprops, _ = line_props_with_rcdefaults('capprops', capprops)
    final_flierprops, _ = line_props_with_rcdefaults('flierprops', flierprops)
    final_medianprops, _ = line_props_with_rcdefaults('medianprops', medianprops, zdelta)
    final_meanprops, _ = line_props_with_rcdefaults('meanprops', meanprops, zdelta)
    removed_prop = 'marker' if meanline else 'linestyle'
    # Only remove the property if it's not set explicitly as a parameter.
    if meanprops is None or removed_prop not in meanprops:
        final_meanprops[removed_prop] = ''

    def to_vc(xs, ys):
        # convert arguments to verts and codes, append (0, 0) (ignored).
        verts = np.append(np.column_stack([xs, ys]), [(0, 0)], 0)
        codes = ([mpath.Path.MOVETO]
                 + [mpath.Path.LINETO] * (len(verts) - 2)
                 + [mpath.Path.CLOSEPOLY])
        return verts, codes

    def patch_list(xs, ys, **kwargs):
        verts, codes = to_vc(xs, ys)
        path = mpath.Path(verts, codes)
        patch = mpatches.PathPatch(path, **kwargs)
        self.add_artist(patch)
        return [patch]

    # vertical or horizontal plot?
    if vert:
        def doplot(*args, **kwargs):
            return self.plot(*args, **kwargs)

        def dopatch(xs, ys, **kwargs):
            return patch_list(xs, ys, **kwargs)

    else:
        def doplot(*args, **kwargs):
            shuffled = []
            for i in range(0, len(args), 2):
                shuffled.extend([args[i + 1], args[i]])
            return self.plot(*shuffled, **kwargs)

        def dopatch(xs, ys, **kwargs):
            xs, ys = ys, xs  # flip X, Y
            return patch_list(xs, ys, **kwargs)

    # input validation
    N = len(bxpstats)
    datashape_message = (""List of boxplot statistics and `{0}` ""
                         ""values must have same the length"")
    # check position
    if positions is None:
        positions = list(range(1, N + 1))
    elif len(positions)!= N:
        raise ValueError(datashape_message.format(""positions""))

    positions = np.array(positions)
    if len(positions) > 0 and not isinstance(positions[0], Number):
        raise TypeError(""positions should be an iterable of numbers"")

    # width
    if widths is None:
        widths = [np.clip(0.15 * np.ptp(positions), 0.15, 0.5)] * N
    elif np.isscalar(widths):
        widths = [widths] * N
    elif len(widths)!= N:
        raise ValueError(datashape_message.format(""widths""))

    for pos, width, stats in zip(positions, widths, bxpstats):
        # try to find a new label
        datalabels.append(stats.get('label', pos))

        # whisker coords
        whisker_x = np.ones(2) * pos
        whiskerlo_y = np.array([stats['q1'], stats['whislo']])
        whiskerhi_y = np.array([stats['q3'], stats['whishi']])

        # cap coords
        cap_left = pos - width * 0.25
        cap_right = pos + width * 0.25
        cap_x = np.array([cap_left, cap_right])
        cap_lo = np.ones(2) * stats['whislo']
        cap_hi = np.ones(2) * stats['whishi']

        # box and median coords
        box_left = pos - width * 0.5
        box_right = pos + width * 0.5
        med_y = [stats['med'], stats['med']]

        # notched boxes
        if shownotches:
            box_x = [box_left, box_right, box_right, cap_right, box_right,
                     box_right, box_left, box_left, cap_left, box_left,
                     box_left]
            box_y = [stats['q1'], stats['q1'], stats['cilo'],
                     stats['med'], stats['cihi'], stats['q3'],
                     stats['q3'], stats['cihi'], stats['med'],
                     stats['cilo'], stats['q1']]
            med_x = cap_x

        # plain boxes
        else:
            box_x = [box_left, box_right, box_right, box_left, box_left]
            box_y = [stats['q1'], stats['q1'], stats['q3'], stats['q3'],
                     stats['q1']]
            med_x = [box_left, box_right]

        # maybe draw the box:
        if showbox:
            if patch_artist:
                boxes.extend(dopatch(box_x, box_y, **final_boxprops))
            else:
                boxes.extend(doplot(box_x, box_y, **final_boxprops))

        # draw the whiskers
        whiskers.extend(doplot(
            whisker_x, whiskerlo_y, **final_whiskerprops
        ))
        whiskers.extend(doplot(
            whisker_x, whiskerhi_y, **final_whiskerprops
        ))

        # maybe draw the caps:
        if showcaps:
            caps.extend(doplot(cap_x, cap_lo, **final_capprops))
            caps.extend(doplot(cap_x, cap_hi, **final_capprops))

        # draw the medians
        medians.extend(doplot(med_x, med_y, **final_medianprops))

        # maybe draw the means
        if showmeans:
            if meanline:
                means.extend(doplot(
                    [box_left, box_right], [stats['mean'], stats['mean']],
                    **final_meanprops
                ))
            else:
                means.extend(doplot(
                    [pos], [stats['mean']], **final_meanprops
                ))

        # maybe draw the fliers
        if showfliers:
            # fliers coords
            flier_x = np.full(len(stats['fliers']), pos, dtype=np.float64)
            flier_y = stats['fliers']

            fliers.extend(doplot(
                flier_x, flier_y, **final_flierprops
            ))

    if manage_ticks:
        axis_name = ""x"" if vert else ""y""
        interval = getattr(self.dataLim, f""interval{axis_name}"")
        axis = getattr(self, f""{axis_name}axis"")
        positions = axis.convert_units(positions)
        # The 0.5 additional padding ensures reasonable-looking boxes
        # even when drawing a single box.  We set the sticky edge to
        # prevent margins expansion, in order to match old behavior (back
        # when separate calls to boxplot() would completely reset the axis
        # limits regardless of what was drawn before).  The sticky edges
        # are attached to the median lines, as they are always present.
        interval[:] = (min(interval[0], min(positions) -.5),
                       max(interval[1], max(positions) +.5))
        for median, position in zip(medians, positions):
            getattr(median.sticky_edges, axis_name).extend(
                [position -.5, position +.5])
        # Modified from Axis.set_ticks and Axis.set_ticklabels.
        locator = axis.get_major_locator()
        if not isinstance(axis.get_major_locator(),
                          mticker.FixedLocator):
            locator = mticker.FixedLocator([])
            axis.set_major_locator(locator)
        locator.locs = np.array([*locator.locs, *positions])
        formatter = axis.get_major_formatter()
        if not isinstance(axis.get_major_formatter(),
                          mticker.FixedFormatter):
            formatter = mticker.FixedFormatter([])
            axis.set_major_formatter(formatter)
        formatter.seq = [*formatter.seq, *datalabels]

        self._request_autoscale_view(
            scalex=self._autoscaleXon, scaley=self._autoscaleYon)

    return dict(whiskers=whiskers, caps=caps, boxes=boxes,
                medians=medians, fliers=fliers, means=means)
```",
